form	lemma	POS	morph
Ci	ci	ADVgen	DEGRE=-
conmence	comencier	VERcjg	MODE=ind|TEMPS=pst|PERS.=3|NOMB.=s
la	le	DETdef	NOMB.=s|GENRE=f|CAS=n
vie	vie1	NOMcom	NOMB.=s|GENRE=f|CAS=n
de	de	PRE	MORPH=empty
mon	mon1	DETpos	PERS.=1|NOMB.=s|GENRE=m|CAS=r
signeur	seignor	NOMcom	NOMB.=s|GENRE=m|CAS=r
seint	saint	ADJqua	NOMB.=s|GENRE=m|CAS=r|DEGRE=p
Brice	Brice	NOMpro	NOMB.=s|GENRE=m|CAS=r
.	.	PONfrt	MORPH=empty
Quant	cant2	CONsub	MORPH=empty
seinz	saint	ADJqua	NOMB.=s|GENRE=m|CAS=n|DEGRE=p
Brices	Brice	NOMpro	NOMB.=s|GENRE=m|CAS=n
estoit	estre1	VERcjg	MODE=ind|TEMPS=ipf|PERS.=3|NOMB.=s
jovenceaus	jovencel	ADJqua	NOMB.=s|GENRE=m|CAS=n|DEGRE=p
,	,	PONfbl	MORPH=empty
il	il	PROper	PERS.=3|NOMB.=s|GENRE=m|CAS=n
guaitoit	gaitier	VERcjg	MODE=ind|TEMPS=ipf|PERS.=3|NOMB.=s
mout	mout	ADVgen	DEGRE=-
seint	saint	ADJqua	NOMB.=s|GENRE=m|CAS=r|DEGRE=p
Martin	Martin	NOMpro	NOMB.=s|GENRE=m|CAS=r
,	,	PONfbl	MORPH=empty
por	por2	PRE	MORPH=empty
ce	ce1	PROdem	NOMB.=s|GENRE=n|CAS=r
q'	que4	CONsub	MORPH=empty
il	il	PROper	PERS.=3|NOMB.=s|GENRE=m|CAS=n
le	il	PROper	PERS.=3|NOMB.=s|GENRE=m|CAS=r
veoit	vëoir	VERcjg	MODE=ind|TEMPS=ipf|PERS.=3|NOMB.=s
viel	vieil	ADJqua	NOMB.=s|GENRE=m|CAS=r|DEGRE=p
home	ome	NOMcom	NOMB.=s|GENRE=m|CAS=r
et	et	CONcoo	MORPH=empty
de	de	PRE	MORPH=empty
grant	grant	ADJqua	NOMB.=s|GENRE=f|CAS=r|DEGRE=p
abstinence	astinence	NOMcom	NOMB.=s|GENRE=f|CAS=r
et	et	CONcoo	MORPH=empty
de	de	PRE	MORPH=empty
seinte	saint	ADJqua	NOMB.=s|GENRE=f|CAS=r|DEGRE=p
vie	vie1	NOMcom	NOMB.=s|GENRE=f|CAS=r
,	,	PONfbl	MORPH=empty
et	et	CONcoo	MORPH=empty
li	le	DETdef	NOMB.=s|GENRE=m|CAS=n
jovenceaus	jovencel	NOMcom	NOMB.=s|GENRE=m|CAS=n
avoit	avoir	VERcjg	MODE=ind|TEMPS=ipf|PERS.=3|NOMB.=s
le	le	DETdef	NOMB.=s|GENRE=m|CAS=r
cuer	cuer2	NOMcom	NOMB.=s|GENRE=m|CAS=r
jovene	juene	ADJqua	NOMB.=s|GENRE=m|CAS=r|DEGRE=p
,	,	PONfbl	MORPH=empty
si	si	ADVgen	DEGRE=-
ne	ne1	ADVneg	MORPH=empty
li	il	PROper	PERS.=3|NOMB.=s|GENRE=m|CAS=i
pleisoient	plaire	VERcjg	MODE=ind|TEMPS=ipf|PERS.=3|NOMB.=p
mie	mie	ADVneg	MORPH=empty
les	le	DETdef	NOMB.=p|GENRE=f|CAS=n
oevres	uevre	NOMcom	NOMB.=p|GENRE=f|CAS=n
del	de+le	PRE.DETdef	NOMB.=s|GENRE=m|CAS=r
seint	saint	ADJqua	NOMB.=s|GENRE=m|CAS=r|DEGRE=p
home	ome	NOMcom	NOMB.=s|GENRE=m|CAS=r
qi	que2	PROrel	NOMB.=s|GENRE=m|CAS=n
estoit	estre1	VERcjg	MODE=ind|TEMPS=ipf|PERS.=3|NOMB.=s
archevesqes	arcevesque	NOMcom	NOMB.=s|GENRE=m|CAS=n
,	,	PONfbl	MORPH=empty
car	car	CONcoo	MORPH=empty
il	il	PROper	PERS.=3|NOMB.=s|GENRE=m|CAS=n
vousist	voloir	VERcjg	MODE=sub|TEMPS=ipf|PERS.=3|NOMB.=s
bien	bien1	ADVgen	DEGRE=p
q'	que4	CONsub	MORPH=empty
il	il	PROper	PERS.=3|NOMB.=s|GENRE=m|CAS=n
se	soi1	PROper	PERS.=3|NOMB.=s|GENRE=m|CAS=r
meintenist	maintenir	VERcjg	MODE=sub|TEMPS=ipf|PERS.=3|NOMB.=s
de	de	PRE	MORPH=empty
dras	drap	NOMcom	NOMB.=p|GENRE=m|CAS=r
et	et	CONcoo	MORPH=empty
d'	de	PRE	MORPH=empty
autres	autre	DETind	NOMB.=p|GENRE=f|CAS=r
choses	chose	NOMcom	NOMB.=p|GENRE=f|CAS=r
plus	plus	ADVgen	DEGRE=c
belement	belement	ADVgen	DEGRE=-
,	,	PONfbl	MORPH=empty
si	si	ADVgen	DEGRE=-
com	come1	CONsub	MORPH=empty
li	le	DETdef	NOMB.=p|GENRE=m|CAS=n
pluiseur	plusor	NOMcom	NOMB.=p|GENRE=m|CAS=n
feroient	faire	VERcjg	MODE=con|PERS.=3|NOMB.=p
encore	encore	ADVgen	DEGRE=-
,	,	PONfbl	MORPH=empty
qe	que4	CONsub	MORPH=empty
s'	se	CONsub	MORPH=empty
il	il	PROper	PERS.=3|NOMB.=p|GENRE=m|CAS=n
veoient	vëoir	VERcjg	MODE=ind|TEMPS=ipf|PERS.=3|NOMB.=p
les	le	DETdef	NOMB.=p|GENRE=m|CAS=r
evesqes	evesque	NOMcom	NOMB.=p|GENRE=m|CAS=r
et	et	CONcoo	MORPH=empty
les	le	DETdef	NOMB.=p|GENRE=f|CAS=r
hautes	haut	ADJqua	NOMB.=p|GENRE=f|CAS=r|DEGRE=p
persones	persone	NOMcom	NOMB.=p|GENRE=f|CAS=r
deduire	deduire	VERinf	MORPH=empty
povrement	povrement	ADVgen	DEGRE=-
et	et	CONcoo	MORPH=empty
en	en1	PRE	MORPH=empty
vielz	vieil	ADJqua	NOMB.=p|GENRE=m|CAS=r|DEGRE=p
habiz	abit	NOMcom	NOMB.=p|GENRE=m|CAS=r
et	et	CONcoo	MORPH=empty
en	en1	PRE	MORPH=empty
granz	grant	ADJqua	NOMB.=p|GENRE=f|CAS=r|DEGRE=p
abstinences	astinence	NOMcom	NOMB.=p|GENRE=f|CAS=r
por	por2	PRE	MORPH=empty
l'	le	DETdef	NOMB.=s|GENRE=f|CAS=r
amor	amor	NOMcom	NOMB.=s|GENRE=f|CAS=r
nostre	nostre	DETpos	PERS.=1|NOMB.=s|GENRE=m|CAS=r
Signor	seignor	NOMcom	NOMB.=s|GENRE=m|CAS=r
,	,	PONfbl	MORPH=empty
il	il	PROper	PERS.=3|NOMB.=p|GENRE=m|CAS=n
les	il	PROper	PERS.=3|NOMB.=p|GENRE=m|CAS=r
en	en2	PROadv	MORPH=empty
blasmeroient	blasmer	VERcjg	MODE=con|PERS.=3|NOMB.=p
et	et	CONcoo	MORPH=empty
diroient	dire	VERcjg	MODE=con|PERS.=3|NOMB.=p
qe	que4	CONsub	MORPH=empty
ce	ce1	PROdem	NOMB.=s|GENRE=n|CAS=r
seroit	estre1	VERcjg	MODE=con|PERS.=3|NOMB.=s
ycrisie	ipocrisie	NOMcom	NOMB.=s|GENRE=f|CAS=n
,	,	PONfbl	MORPH=empty
Por	por2	PRE	MORPH=empty
ce	ce1	PROdem	NOMB.=s|GENRE=n|CAS=r
ne	ne1	ADVneg	MORPH=empty
set	savoir	VERcjg	MODE=ind|TEMPS=pst|PERS.=3|NOMB.=s
l'	le	OUT	MORPH=empty
en	on	PROind	NOMB.=s|GENRE=n|CAS=n
mes	mais1	ADVneg	MORPH=empty
qe	que4	CONsub	MORPH=empty
fere	faire	VERinf	NOMB.=x|GENRE=x|CAS=x
.	.	PONfrt	MORPH=empty
Nus	nul	PROind	NOMB.=s|GENRE=m|CAS=n
ne	ne1	ADVneg	MORPH=empty
se	soi1	PROper	PERS.=3|NOMB.=s|GENRE=m|CAS=r
set	savoir	VERcjg	MODE=ind|TEMPS=pst|PERS.=3|NOMB.=s
au	a3+le	PRE.DETdef	NOMB.=s|GENRE=m|CAS=r
quel	quel1	DETrel	NOMB.=s|GENRE=m|CAS=r
chief	chief1	NOMcom	NOMB.=s|GENRE=m|CAS=r
trere	traire	VERinf	NOMB.=x|GENRE=x|CAS=x
.	.	PONfrt	MORPH=empty
Beghins	beguin	ADJqua	NOMB.=s|GENRE=m|CAS=n|DEGRE=p
est	estre1	VERcjg	MODE=ind|TEMPS=pst|PERS.=3|NOMB.=s
qi	que2	PROrel	NOMB.=s|GENRE=m|CAS=n
viut	voloir	VERcjg	MODE=ind|TEMPS=pst|PERS.=3|NOMB.=s
fere	faire	VERinf	NOMB.=x|GENRE=x|CAS=x
bien	bien1	ADVgen	DEGRE=p
Ne	ne2	CONcoo	MORPH=empty
nus	nul	PROind	NOMB.=s|GENRE=m|CAS=n
nul	nul	PROind	NOMB.=s|GENRE=m|CAS=r
tient	tenir1	VERcjg	MODE=ind|TEMPS=pst|PERS.=3|NOMB.=s
a	a3	PRE	MORPH=empty
crestien	crestiien	NOMcom	NOMB.=s|GENRE=m|CAS=r
Qi	que2	PROrel	NOMB.=s|GENRE=m|CAS=n
le	le	DETdef	NOMB.=s|GENRE=m|CAS=r
mal	mal1	NOMcom	NOMB.=s|GENRE=m|CAS=r
fet	faire	VERcjg	MODE=ind|TEMPS=pst|PERS.=3|NOMB.=s
apertement	apertement	ADVgen	DEGRE=-
.	.	PONfrt	MORPH=empty
Qi	que2	PROrel	NOMB.=s|GENRE=m|CAS=n
se	soi1	PROper	PERS.=3|NOMB.=s|GENRE=m|CAS=r
meintient	maintenir	VERcjg	MODE=ind|TEMPS=pst|PERS.=3|NOMB.=s
moienement	moiien	ADVgen	DEGRE=-
L'	le	OUT	MORPH=empty
on	on	PROind	PERS.=3|NOMB.=s|GENRE=n|CAS=n
li	il	PROper	PERS.=3|NOMB.=s|GENRE=m|CAS=i
met	metre2	VERcjg	MODE=ind|TEMPS=pst|PERS.=3|NOMB.=s
sus	sus	ADVgen	DEGRE=-
q'	que4	CONsub	MORPH=empty
il	il	PROper	PERS.=3|NOMB.=s|GENRE=m|CAS=n
est	estre1	VERcjg	MODE=ind|TEMPS=pst|PERS.=3|NOMB.=s
escharz	eschars	ADJqua	NOMB.=s|GENRE=m|CAS=n|DEGRE=p
,	,	PONfbl	MORPH=empty
Si	si	ADVgen	DEGRE=-
est	estre1	VERcjg	MODE=ind|TEMPS=pst|PERS.=3|NOMB.=s
li	le	DETdef	NOMB.=s|GENRE=m|CAS=n
maus	mal1	NOMcom	NOMB.=s|GENRE=m|CAS=n
par	par	PRE	MORPH=empty
tout	tot	ADVgen	DEGRE=-
esparz	espartir	VERppe	NOMB.=s|GENRE=m|CAS=n
,	,	PONfbl	MORPH=empty
Qe	que4	CONsub	MORPH=empty
nus	nul	PROind	NOMB.=s|GENRE=m|CAS=n
ne	ne1	ADVneg	MORPH=empty
set	savoir	VERcjg	MODE=ind|TEMPS=pst|PERS.=3|NOMB.=s
qe	que4	CONsub	MORPH=empty
devenir	devenir	VERinf	NOMB.=x|GENRE=x|CAS=x
Ne	ne2	CONcoo	MORPH=empty
laquel	quel1	PROrel	NOMB.=s|GENRE=f|CAS=r
voie	voie	NOMcom	NOMB.=s|GENRE=f|CAS=r
il	il	PROper	PERS.=3|NOMB.=s|GENRE=m|CAS=n
puist	pöoir	VERcjg	MODE=sub|TEMPS=pst|PERS.=3|NOMB.=s
tenir	tenir1	VERinf	NOMB.=x|GENRE=x|CAS=x
.	.	PONfrt	MORPH=empty
Un	un	DETndf	NOMB.=s|GENRE=m|CAS=r
jour	jor	NOMcom	NOMB.=s|GENRE=m|CAS=r
avint	avenir	VERcjg	MODE=ind|TEMPS=psp|PERS.=3|NOMB.=s
qe	que4	CONsub	MORPH=empty
uns	un	DETndf	NOMB.=s|GENRE=m|CAS=n
hom	ome	NOMcom	NOMB.=s|GENRE=m|CAS=n
estoit	estre1	VERcjg	MODE=ind|TEMPS=ipf|PERS.=3|NOMB.=s
entrepris	entreprendre	VERppe	NOMB.=s|GENRE=m|CAS=n
de	de	PRE	MORPH=empty
grant	grant	ADJqua	NOMB.=s|GENRE=f|CAS=r|DEGRE=p
enfermeté	enfermeté1	NOMcom	NOMB.=s|GENRE=f|CAS=r
,	,	PONfbl	MORPH=empty
si	si	ADVgen	DEGRE=-
aloit	aler	VERcjg	MODE=ind|TEMPS=ipf|PERS.=3|NOMB.=s
querant	querre	VERppa	NOMB.=s|GENRE=m|CAS=n
seint	saint	ADJqua	NOMB.=s|GENRE=m|CAS=r|DEGRE=p
Martin	Martin	NOMpro	NOMB.=s|GENRE=m|CAS=r
por	por2	PRE	MORPH=empty
avoir	avoir	VERinf	NOMB.=x|GENRE=x|CAS=x
santé	santé	NOMcom	NOMB.=s|GENRE=f|CAS=r
et	et	CONcoo	MORPH=empty
aïde	äie	NOMcom	NOMB.=s|GENRE=f|CAS=r
,	,	PONfbl	MORPH=empty
car	car	CONcoo	MORPH=empty
li	le	DETdef	NOMB.=p|GENRE=m|CAS=n
seint	saint	ADJqua	NOMB.=p|GENRE=m|CAS=n|DEGRE=p
home	ome	NOMcom	NOMB.=p|GENRE=m|CAS=n
vivoient	vivre1	VERcjg	MODE=ind|TEMPS=ipf|PERS.=3|NOMB.=p
encore	encore	ADVgen	DEGRE=-
adonc	adonc	ADVgen	DEGRE=-
.	.	PONfrt	MORPH=empty
Seinz	saint	ADJqua	NOMB.=s|GENRE=m|CAS=n|DEGRE=p
Brices	Brice	NOMpro	NOMB.=s|GENRE=m|CAS=n
estoit	estre1	VERcjg	MODE=ind|TEMPS=ipf|PERS.=3|NOMB.=s
lors	lors	ADVgen	DEGRE=-
dyacres	dïacne	NOMcom	NOMB.=s|GENRE=m|CAS=n
et	et	CONcoo	MORPH=empty
si	si	ADVgen	DEGRE=-
estoit	estre1	VERcjg	MODE=ind|TEMPS=ipf|PERS.=3|NOMB.=s
en	en1	PRE	MORPH=empty
la	le	DETdef	NOMB.=s|GENRE=f|CAS=r
place	place	NOMcom	NOMB.=s|GENRE=f|CAS=r
ou	où	PROrel	NOMB.=s|GENRE=f|CAS=i
cil	cel	PROdem	NOMB.=s|GENRE=m|CAS=n
demandoit	demander	VERcjg	MODE=ind|TEMPS=ipf|PERS.=3|NOMB.=s
le	le	DETdef	NOMB.=s|GENRE=m|CAS=r
seint	saint	ADJqua	NOMB.=s|GENRE=m|CAS=r|DEGRE=p
archevesqe	arcevesque	NOMcom	NOMB.=s|GENRE=m|CAS=r
.	.	PONfrt	MORPH=empty
Qant	cant2	CONsub	MORPH=empty
seinz	saint	ADJqua	NOMB.=s|GENRE=m|CAS=n|DEGRE=p
Brices	Brice	NOMpro	NOMB.=s|GENRE=m|CAS=n
l'	il	PROper	PERS.=3|NOMB.=s|GENRE=m|CAS=r
oï	öir	VERcjg	MODE=ind|TEMPS=psp|PERS.=3|NOMB.=s
,	,	PONfbl	MORPH=empty
il	il	PROper	PERS.=3|NOMB.=s|GENRE=m|CAS=n
li	il	PROper	PERS.=3|NOMB.=s|GENRE=m|CAS=i
dist	dire	VERcjg	MODE=ind|TEMPS=psp|PERS.=3|NOMB.=s
:	:	PONfbl	MORPH=empty
Se	se	CONsub	MORPH=empty
tu	tu	PROper	PERS.=2|NOMB.=s|GENRE=m|CAS=n
le	il	PROper	PERS.=3|NOMB.=s|GENRE=m|CAS=r
vius	voloir	VERcjg	MODE=ind|TEMPS=pst|PERS.=2|NOMB.=s
conoistre	conoistre	VERinf	NOMB.=x|GENRE=x|CAS=x
,	,	PONfbl	MORPH=empty
regarde	regarder	VERcjg	MODE=imp|PERS.=2|NOMB.=s
de	de	PRE	MORPH=empty
loing	loing	ADVgen	DEGRE=-
,	,	PONfbl	MORPH=empty
car	car	CONcoo	MORPH=empty
il	il	PROper	PERS.=3|NOMB.=s|GENRE=m|CAS=n
est	estre1	VERcjg	MODE=ind|TEMPS=pst|PERS.=3|NOMB.=s
dervez	desver	VERppe	NOMB.=s|GENRE=m|CAS=n
,	,	PONfbl	MORPH=empty
si	si	ADVgen	DEGRE=-
le	il	PROper	PERS.=3|NOMB.=s|GENRE=m|CAS=r
porras	pöoir	VERcjg	MODE=ind|TEMPS=fut|PERS.=2|NOMB.=s
bien	bien1	ADVgen	DEGRE=p
reconoistre	reconoistre	VERinf	NOMB.=x|GENRE=x|CAS=x
,	,	PONfbl	MORPH=empty
car	car	CONcoo	MORPH=empty
il	il	PROper	PERS.=3|NOMB.=s|GENRE=m|CAS=n
est	estre1	VERcjg	MODE=ind|TEMPS=pst|PERS.=3|NOMB.=s
borgnes	borgne	ADJqua	NOMB.=s|GENRE=m|CAS=n|DEGRE=p
,	,	PONfbl	MORPH=empty
et	et	CONcoo	MORPH=empty
aussi	aussi	ADVgen	DEGRE=-
regarde	regarder	VERcjg	MODE=ind|TEMPS=pst|PERS.=3|NOMB.=s
il	il	PROper	PERS.=3|NOMB.=s|GENRE=m|CAS=n
vers	vers2	PRE	MORPH=empty
le	le	DETdef	NOMB.=s|GENRE=m|CAS=r
ciel	ciel	NOMcom	NOMB.=s|GENRE=m|CAS=r
com	come1	CONsub	MORPH=empty
s'	se	CONsub	MORPH=empty
il	il	PROper	PERS.=3|NOMB.=s|GENRE=m|CAS=n
fust	estre1	VERcjg	MODE=sub|TEMPS=ipf|PERS.=3|NOMB.=s
dervez	desver	VERppe	NOMB.=s|GENRE=m|CAS=n
.	.	PONfrt	MORPH=empty
Qant	cant2	CONsub	MORPH=empty
li	le	DETdef	NOMB.=s|GENRE=m|CAS=n
povres	povre	ADJqua	NOMB.=s|GENRE=m|CAS=n|DEGRE=p
hom	ome	NOMcom	NOMB.=s|GENRE=m|CAS=n
entendi	entendre	VERcjg	MODE=ind|TEMPS=psp|PERS.=3|NOMB.=s
ce	ce1	PROdem	NOMB.=s|GENRE=n|CAS=r
,	,	PONfbl	MORPH=empty
il	il	PROper	PERS.=3|NOMB.=s|GENRE=m|CAS=n
ne	ne1	ADVneg	MORPH=empty
l'	il	PROper	PERS.=3|NOMB.=s|GENRE=m|CAS=i
en	en2	PROadv	MORPH=empty
fu	estre1	VERcjg	MODE=ind|TEMPS=psp|PERS.=3|NOMB.=s
gueres	gaire	ADVgen	DEGRE=c
,	,	PONfbl	MORPH=empty
einz	ainz	ADVgen	DEGRE=-
ala	aler	VERcjg	MODE=ind|TEMPS=psp|PERS.=3|NOMB.=s
tant	tant	ADVgen	DEGRE=-
qerant	querre	VERppa	NOMB.=s|GENRE=m|CAS=n
le	le	DETdef	NOMB.=s|GENRE=m|CAS=r
seint	saint	ADJqua	NOMB.=s|GENRE=m|CAS=r|DEGRE=p
home	ome	NOMcom	NOMB.=s|GENRE=m|CAS=r
q'	que4	CONsub	MORPH=empty
il	il	PROper	PERS.=3|NOMB.=s|GENRE=m|CAS=n
l'	il	PROper	PERS.=3|NOMB.=s|GENRE=m|CAS=r
ot	avoir	VERcjg	MODE=ind|TEMPS=psp|PERS.=3|NOMB.=s
trové	trover	VERppe	NOMB.=s|GENRE=m|CAS=r
,	,	PONfbl	MORPH=empty
et	et	CONcoo	MORPH=empty
si	si	ADVgen	DEGRE=-
fu	estre1	VERcjg	MODE=ind|TEMPS=psp|PERS.=3|NOMB.=s
touz	tot	ADVgen	DEGRE=-
gueriz	gerir	VERppe	NOMB.=s|GENRE=m|CAS=n
de	de	PRE	MORPH=empty
s'	son4	DETpos	PERS.=3|NOMB.=s|GENRE=f|CAS=r
enfermeté	enfermeté1	NOMcom	NOMB.=s|GENRE=f|CAS=r
.	.	PONfrt	MORPH=empty
Et	et	CONcoo	MORPH=empty
seinz	saint	ADJqua	NOMB.=s|GENRE=m|CAS=n|DEGRE=p
Martins	Martin	NOMpro	NOMB.=s|GENRE=m|CAS=n
vint	venir	VERcjg	MODE=ind|TEMPS=psp|PERS.=3|NOMB.=s
a	a3	PRE	MORPH=empty
seint	saint	ADJqua	NOMB.=s|GENRE=m|CAS=r|DEGRE=p
Brice	Brice	NOMpro	NOMB.=s|GENRE=m|CAS=r
qi	que2	PROrel	NOMB.=s|GENRE=m|CAS=n
diacres	dïacne	NOMcom	NOMB.=s|GENRE=m|CAS=n
estoit	estre1	VERcjg	MODE=ind|TEMPS=ipf|PERS.=3|NOMB.=s
et	et	CONcoo	MORPH=empty
parla	parler	VERcjg	MODE=ind|TEMPS=psp|PERS.=3|NOMB.=s
en	en1	PRE	MORPH=empty
tel	tel	DETind	NOMB.=s|GENRE=f|CAS=r
maniere	maniere	NOMcom	NOMB.=s|GENRE=f|CAS=r
:	:	PONfbl	MORPH=empty
Brices	Brice	NOMpro	NOMB.=s|GENRE=m|CAS=n
,	,	PONfbl	MORPH=empty
dont	dont	ADVint	MORPH=empty
ne	ne1	ADVneg	MORPH=empty
te	tu	PROper	PERS.=2|NOMB.=s|GENRE=m|CAS=i
samble	sembler	VERcjg	MODE=ind|TEMPS=pst|PERS.=1|NOMB.=s
je	je	PROper	PERS.=1|NOMB.=s|GENRE=m|CAS=n
borgnes	borgne	ADJqua	NOMB.=s|GENRE=m|CAS=n|DEGRE=p
et	et	CONcoo	MORPH=empty
dervez	desver	VERppe	NOMB.=s|GENRE=m|CAS=n
?	?	PONfrt	MORPH=empty
Qant	cant2	CONsub	MORPH=empty
il	il	PROper	PERS.=3|NOMB.=s|GENRE=m|CAS=n
l'	il	PROper	PERS.=3|NOMB.=s|GENRE=m|CAS=r
oï	öir	VERcjg	MODE=ind|TEMPS=psp|PERS.=3|NOMB.=s
,	,	PONfbl	MORPH=empty
si	si	ADVgen	DEGRE=-
en	en2	PROadv	MORPH=empty
ot	avoir	VERcjg	MODE=ind|TEMPS=psp|PERS.=3|NOMB.=s
grant	grant	ADJqua	NOMB.=s|GENRE=f|CAS=r|DEGRE=p
honte	honte	NOMcom	NOMB.=s|GENRE=f|CAS=r
,	,	PONfbl	MORPH=empty
si	si	ADVgen	DEGRE=-
comença	comencier	VERcjg	MODE=ind|TEMPS=psp|PERS.=3|NOMB.=s
a	a3	PRE	MORPH=empty
denoier	denoiier	VERinf	NOMB.=x|GENRE=x|CAS=x
a	a3	PRE	MORPH=empty
son	son4	DETpos	PERS.=3|NOMB.=s|GENRE=m|CAS=r
pooir	pöoir	NOMcom	NOMB.=s|GENRE=m|CAS=r
ceste	cest	DETdem	NOMB.=s|GENRE=f|CAS=r
parole	parole	NOMcom	NOMB.=s|GENRE=f|CAS=r
c'	que4	CONsub	MORPH=empty
onqes	onque	ADVneg	MORPH=empty
ne	ne1	ADVneg	MORPH=empty
l'	il	PROper	PERS.=3|NOMB.=s|GENRE=f|CAS=r
avoit	avoir	VERcjg	MODE=ind|TEMPS=ipf|PERS.=3|NOMB.=s
dite	dire	VERppe	NOMB.=s|GENRE=f|CAS=r
.	.	PONfrt	MORPH=empty
Dont	dont	ADVgen	DEGRE=-
li	il	PROper	PERS.=3|NOMB.=s|GENRE=m|CAS=i
dist	dire	VERcjg	MODE=ind|TEMPS=psp|PERS.=3|NOMB.=s
seinz	saint	ADJqua	NOMB.=s|GENRE=m|CAS=n|DEGRE=p
Martins	Martin	NOMpro	NOMB.=s|GENRE=m|CAS=n
:	:	PONfbl	MORPH=empty
Mes	mon1	DETpos	PERS.=1|NOMB.=p|GENRE=f|CAS=n
orelles	oreille	NOMcom	NOMB.=p|GENRE=f|CAS=n
estoient	estre1	VERcjg	MODE=ind|TEMPS=ipf|PERS.=3|NOMB.=p
pres	près	ADVgen	DEGRE=-
de	de	PRE	MORPH=empty
ta	ton4	DETpos	PERS.=2|NOMB.=s|GENRE=f|CAS=r
bouche	boche	NOMcom	NOMB.=s|GENRE=f|CAS=r
dementieres	dementieres	ADVgen	DEGRE=-
qe	que4	CONsub	MORPH=empty
tu	tu	PROper	PERS.=2|NOMB.=s|GENRE=m|CAS=n
le	il	PROper	PERS.=3|NOMB.=s|GENRE=m|CAS=r
deïs	dire	VERcjg	MODE=ind|TEMPS=psp|PERS.=2|NOMB.=s
.	.	PONfrt	MORPH=empty
Et	et	CONcoo	MORPH=empty
bien	bien1	ADVgen	DEGRE=p
saces	savoir	VERcjg	MODE=imp|PERS.=2|NOMB.=s
q'	que4	CONsub	MORPH=empty
a	a3	PRE	MORPH=empty
paines	peine	NOMcom	NOMB.=s|GENRE=f|CAS=r
m'	je	PROper	PERS.=1|NOMB.=s|GENRE=m|CAS=r
a	avoir	VERcjg	MODE=ind|TEMPS=pst|PERS.=3|NOMB.=s
otroié	otroiier	VERppe	NOMB.=s|GENRE=n|CAS=r
nostre	nostre	DETpos	PERS.=1|NOMB.=s|GENRE=m|CAS=n
Sires	seignor	NOMcom	NOMB.=s|GENRE=m|CAS=n
qe	que4	CONsub	MORPH=empty
tu	tu	PROper	PERS.=2|NOMB.=s|GENRE=m|CAS=n
aies	avoir	VERcjg	MODE=sub|TEMPS=pst|PERS.=2|NOMB.=s
aprés	après	PRE	MORPH=empty
moi	je	PROper	PERS.=1|NOMB.=s|GENRE=m|CAS=i
l'	le	DETdef	NOMB.=s|GENRE=m|CAS=r
eveschié	eveschié	NOMcom	NOMB.=s|GENRE=m|CAS=r
,	,	PONfbl	MORPH=empty
mes	mais1	CONcoo	MORPH=empty
neqedent	nequedent	ADVgen	DEGRE=-
tu	tu	PROper	PERS.=2|NOMB.=s|GENRE=m|CAS=n
l'	il	PROper	PERS.=3|NOMB.=s|GENRE=m|CAS=r
auras	avoir	VERcjg	MODE=ind|TEMPS=fut|PERS.=2|NOMB.=s
,	,	PONfbl	MORPH=empty
si	si	ADVgen	DEGRE=-
en	en2	PROadv	MORPH=empty
soufferras	sofrir	VERcjg	MODE=ind|TEMPS=fut|PERS.=2|NOMB.=s
ançois	ainçois	ADVgen	DEGRE=-
molt	mout	ADVgen	DEGRE=s
d'	de	PRE	MORPH=empty
aversitez	aversité	NOMcom	NOMB.=p|GENRE=f|CAS=r
et	et	CONcoo	MORPH=empty
molt	mout	ADVgen	DEGRE=s
de	de	PRE	MORPH=empty
persecutions	persecucïon	NOMcom	NOMB.=p|GENRE=f|CAS=r
.	.	PONfrt	MORPH=empty
Qant	cant2	CONsub	MORPH=empty
seinz	saint	ADJqua	NOMB.=s|GENRE=m|CAS=n|DEGRE=p
Brices	Brice	NOMpro	NOMB.=s|GENRE=m|CAS=n
l'	il	PROper	PERS.=3|NOMB.=s|GENRE=m|CAS=r
oï	öir	VERcjg	MODE=ind|TEMPS=psp|PERS.=3|NOMB.=s
,	,	PONfbl	MORPH=empty
si	si	ADVgen	DEGRE=-
l'	il	PROper	PERS.=3|NOMB.=s|GENRE=m|CAS=r
en	en2	PROadv	MORPH=empty
comença	comencier	VERcjg	MODE=ind|TEMPS=psp|PERS.=3|NOMB.=s
a	a3	PRE	MORPH=empty
degaber	degaber	VERinf	NOMB.=x|GENRE=x|CAS=x
et	et	CONcoo	MORPH=empty
a	a3	PRE	MORPH=empty
dire	dire	VERinf	NOMB.=x|GENRE=x|CAS=x
:	:	PONfbl	MORPH=empty
Dont	donc	ADVint	MORPH=empty
ne	ne1	ADVneg	MORPH=empty
disoie	dire	VERcjg	MODE=ind|TEMPS=ipf|PERS.=1|NOMB.=s
je	je	PROper	PERS.=1|NOMB.=s|GENRE=m|CAS=n
bien	bien1	ADVgen	DEGRE=p
qe	que4	CONsub	MORPH=empty
cis	cest	PROdem	NOMB.=s|GENRE=m|CAS=n
disoit	dire	VERcjg	MODE=ind|TEMPS=ipf|PERS.=3|NOMB.=s
soventes	sovent	ADJqua	NOMB.=p|GENRE=f|CAS=r|DEGRE=p
foiz	foie2	NOMcom	NOMB.=p|GENRE=f|CAS=r
dervees	desver	VERppe	NOMB.=p|GENRE=f|CAS=r
paroles	parole	NOMcom	NOMB.=p|GENRE=f|CAS=r
?	?	PONfrt	MORPH=empty
En	en1	PRE	MORPH=empty
tel	tel	DETind	NOMB.=s|GENRE=f|CAS=r
maniere	maniere	NOMcom	NOMB.=s|GENRE=f|CAS=r
leidenga	laidengier	VERcjg	MODE=ind|TEMPS=psp|PERS.=3|NOMB.=s
il	il	PROper	PERS.=3|NOMB.=s|GENRE=m|CAS=n
sovent	sovent	ADVgen	DEGRE=-
le	le	DETdef	NOMB.=s|GENRE=m|CAS=r
seint	saint	ADJqua	NOMB.=s|GENRE=m|CAS=r|DEGRE=p
home	ome	NOMcom	NOMB.=s|GENRE=m|CAS=r
par	par	PRE	MORPH=empty
paroles	parole	NOMcom	NOMB.=p|GENRE=f|CAS=r
,	,	PONfbl	MORPH=empty
tant	tant	ADVgen	DEGRE=-
q'	que4	CONsub	MORPH=empty
il	il	PROper	PERS.=3|NOMB.=s|GENRE=m|CAS=n
fu	estre1	VERcjg	MODE=ind|TEMPS=psp|PERS.=3|NOMB.=s
morz	morir	VERppe	NOMB.=s|GENRE=m|CAS=n
,	,	PONfbl	MORPH=empty
si	si	ADVgen	DEGRE=-
com	come1	CONsub	MORPH=empty
vos	vos	PROper	PERS.=2|NOMB.=p|GENRE=m|CAS=n
avez	avoir	VERcjg	MODE=ind|TEMPS=pst|PERS.=2|NOMB.=p
oï	öir	VERppe	NOMB.=s|GENRE=n|CAS=r
conter	conter	VERinf	NOMB.=x|GENRE=x|CAS=x
arriere	ariere	ADVgen	DEGRE=-
.	.	PONfrt	MORPH=empty
Quant	cant2	CONsub	MORPH=empty
la	le	DETdef	NOMB.=s|GENRE=f|CAS=n
citez	cité	NOMcom	NOMB.=s|GENRE=f|CAS=n
fu	estre1	VERcjg	MODE=ind|TEMPS=psp|PERS.=3|NOMB.=s
sanz	sans	PRE	MORPH=empty
pastor	pastor	NOMcom	NOMB.=s|GENRE=m|CAS=r
qi	que2	PROrel	NOMB.=s|GENRE=m|CAS=n
la	il	PROper	PERS.=3|NOMB.=s|GENRE=f|CAS=r
governast	governer	VERcjg	MODE=sub|TEMPS=ipf|PERS.=3|NOMB.=s
,	,	PONfbl	MORPH=empty
li	le	DETdef	NOMB.=p|GENRE=m|CAS=n
citoien	citëain	NOMcom	NOMB.=p|GENRE=m|CAS=n
eslurent	eslire	VERcjg	MODE=ind|TEMPS=psp|PERS.=3|NOMB.=p
seint	saint	ADJqua	NOMB.=s|GENRE=m|CAS=r|DEGRE=p
Brice	Brice	NOMpro	NOMB.=s|GENRE=m|CAS=n
a	a3	PRE	MORPH=empty
arcevesqe	arcevesque	NOMcom	NOMB.=s|GENRE=m|CAS=r
,	,	PONfbl	MORPH=empty
car	car	CONcoo	MORPH=empty
il	il	PROper	PERS.=3|NOMB.=s|GENRE=m|CAS=n
estoit	estre1	VERcjg	MODE=ind|TEMPS=ipf|PERS.=3|NOMB.=s
de	de	PRE	MORPH=empty
seinte	saint	ADJqua	NOMB.=s|GENRE=f|CAS=r|DEGRE=p
vie	vie1	NOMcom	NOMB.=s|GENRE=f|CAS=r
,	,	PONfbl	MORPH=empty
encore	encore	ADVgen	DEGRE=-
fust	estre1	VERcjg	MODE=sub|TEMPS=ipf|PERS.=3|NOMB.=s
il	il	PROper	PERS.=3|NOMB.=s|GENRE=m|CAS=n
orguilleus	orgoillos	ADJqua	NOMB.=s|GENRE=m|CAS=n|DEGRE=p
.	.	PONfrt	MORPH=empty
Au	a3+le	PRE.DETdef	NOMB.=s|GENRE=m|CAS=r
trentisme	trentisme	ADJord	NOMB.=s|GENRE=m|CAS=r
an	an	NOMcom	NOMB.=s|GENRE=m|CAS=r
aprés	après	PRE	MORPH=empty
ce	ce1	PROdem	NOMB.=s|GENRE=n|CAS=r
q'	que4	CONsub	MORPH=empty
il	il	PROper	PERS.=3|NOMB.=s|GENRE=m|CAS=n
fu	estre1	VERcjg	MODE=ind|TEMPS=psp|PERS.=3|NOMB.=s
ordenez	ordener	VERppe	NOMB.=s|GENRE=m|CAS=n
a	a3	PRE	MORPH=empty
arcevesqe	arcevesque	NOMcom	NOMB.=s|GENRE=m|CAS=r
et	et	CONcoo	MORPH=empty
mis	metre2	VERppe	NOMB.=s|GENRE=m|CAS=n
en	en1	PRE	MORPH=empty
la	le	DETdef	NOMB.=s|GENRE=f|CAS=r
signorie	seignorie	NOMcom	NOMB.=s|GENRE=f|CAS=r
,	,	PONfbl	MORPH=empty
li	il	PROper	PERS.=3|NOMB.=s|GENRE=m|CAS=i
vint	venir	VERcjg	MODE=ind|TEMPS=psp|PERS.=3|NOMB.=s
uns	un	DETndf	NOMB.=s|GENRE=m|CAS=n
granz	grant	ADJqua	NOMB.=s|GENRE=m|CAS=n|DEGRE=p
anuiz	enui	NOMcom	NOMB.=s|GENRE=m|CAS=n
et	et	CONcoo	MORPH=empty
uns	un	DETndf	NOMB.=s|GENRE=m|CAS=n
granz	grant	ADJqua	NOMB.=s|GENRE=m|CAS=n|DEGRE=p
blasmes	blasme	NOMcom	NOMB.=s|GENRE=m|CAS=n
,	,	PONfbl	MORPH=empty
car	car	CONcoo	MORPH=empty
une	un	DETndf	NOMB.=s|GENRE=f|CAS=n
feme	feme	NOMcom	NOMB.=s|GENRE=f|CAS=n
qi	que2	PROrel	NOMB.=s|GENRE=f|CAS=n
les	le	DETdef	NOMB.=p|GENRE=m|CAS=r
dras	drap	NOMcom	NOMB.=p|GENRE=m|CAS=r
lavoit	laver	VERcjg	MODE=ind|TEMPS=ipf|PERS.=3|NOMB.=s
de	de	PRE	MORPH=empty
sa	son4	DETpos	PERS.=3|NOMB.=s|GENRE=f|CAS=r
mesnie	maisniee	NOMcom	NOMB.=s|GENRE=f|CAS=r
fu	estre1	VERcjg	MODE=ind|TEMPS=psp|PERS.=3|NOMB.=s
enceinte	enceinte	ADJqua	NOMB.=s|GENRE=f|CAS=n|DEGRE=p
et	et	CONcoo	MORPH=empty
si	si	ADVgen	DEGRE=-
acoucha	acouchier	VERcjg	MODE=ind|TEMPS=psp|PERS.=3|NOMB.=s
et	et	CONcoo	MORPH=empty
ot	avoir	VERcjg	MODE=ind|TEMPS=psp|PERS.=3|NOMB.=s
un	un	DETndf	NOMB.=s|GENRE=m|CAS=r
enfant	enfant	NOMcom	NOMB.=s|GENRE=m|CAS=r
et	et	CONcoo	MORPH=empty
si	si	ADVgen	DEGRE=-
se	soi1	PROper	PERS.=3|NOMB.=s|GENRE=m|CAS=r
meintenoit	maintenir	VERcjg	MODE=ind|TEMPS=ipf|PERS.=3|NOMB.=s
cele	cel	PROdem	NOMB.=s|GENRE=f|CAS=r
en	en1	PRE	MORPH=empty
guise	guise	NOMcom	NOMB.=s|GENRE=f|CAS=r
religieuse	religïos	ADJqua	NOMB.=s|GENRE=f|CAS=r|DEGRE=p
par	par	PRE	MORPH=empty
le	le	DETdef	NOMB.=s|GENRE=m|CAS=r
semblant	semblant	NOMcom	NOMB.=s|GENRE=m|CAS=r
de	de	PRE	MORPH=empty
ses	son4	DETpos	PERS.=3|NOMB.=p|GENRE=m|CAS=r
vestemenz	vestement	NOMcom	NOMB.=p|GENRE=m|CAS=r
.	.	PONfrt	MORPH=empty
Et	et	CONcoo	MORPH=empty
qant	cant2	CONsub	MORPH=empty
cil	cel	PROdem	NOMB.=p|GENRE=m|CAS=n
de	de	PRE	MORPH=empty
la	le	DETdef	NOMB.=s|GENRE=f|CAS=r
cité	cité	NOMcom	NOMB.=s|GENRE=f|CAS=r
sorent	savoir	VERcjg	MODE=ind|TEMPS=psp|PERS.=3|NOMB.=p
qe	que4	CONsub	MORPH=empty
cele	cel	PROdem	NOMB.=s|GENRE=f|CAS=n
estoit	estre1	VERcjg	MODE=ind|TEMPS=ipf|PERS.=3|NOMB.=s
acouchie	couchier	VERppe	NOMB.=s|GENRE=f|CAS=n
d'	de	PRE	MORPH=empty
enfant	enfant	NOMcom	NOMB.=s|GENRE=m|CAS=r
,	,	PONfbl	MORPH=empty
il	il	PROper	PERS.=3|NOMB.=p|GENRE=m|CAS=n
furent	estre1	VERcjg	MODE=ind|TEMPS=psp|PERS.=3|NOMB.=p
molt	mout	ADVgen	DEGRE=s
irié	irier	VERppe	NOMB.=p|GENRE=m|CAS=n
et	et	CONcoo	MORPH=empty
mout	mout	ADVgen	DEGRE=s
corrociez	corrocier	VERppe	NOMB.=p|GENRE=m|CAS=n
,	,	PONfbl	MORPH=empty
por	por2	PRE	MORPH=empty
ce	ce1	PROdem	NOMB.=s|GENRE=n|CAS=r
q'	que4	CONsub	MORPH=empty
il	il	PROimp	PERS.=0|NOMB.=s|GENRE=n|CAS=n
lor	il	PROper	PERS.=3|NOMB.=p|GENRE=m|CAS=i
sambloit	sembler	VERcjg	MODE=ind|TEMPS=ipf|PERS.=3|NOMB.=s
qe	que4	CONsub	MORPH=empty
ele	il	PROper	PERS.=3|NOMB.=s|GENRE=f|CAS=n
estoit	estre1	VERcjg	MODE=ind|TEMPS=ipf|PERS.=3|NOMB.=s
de	de	PRE	MORPH=empty
molt	mout	ADVgen	DEGRE=-
bone	bon	ADJqua	NOMB.=s|GENRE=f|CAS=r|DEGRE=p
vie	vie1	NOMcom	NOMB.=s|GENRE=f|CAS=r
,	,	PONfbl	MORPH=empty
si	si	ADVgen	DEGRE=-
mistrent	metre2	VERcjg	MODE=ind|TEMPS=psp|PERS.=3|NOMB.=p
tout	tot	DETind	NOMB.=s|GENRE=m|CAS=r
le	le	DETdef	NOMB.=s|GENRE=m|CAS=r
blasme	blasme	NOMcom	NOMB.=s|GENRE=m|CAS=r
et	et	CONcoo	MORPH=empty
tout	tot	DETind	NOMB.=s|GENRE=m|CAS=r
l'	le	DETdef	NOMB.=s|GENRE=m|CAS=r
afere	afaire2	NOMcom	NOMB.=s|GENRE=m|CAS=r
seur	sor2	PRE	MORPH=empty
seint	saint	ADJqua	NOMB.=s|GENRE=m|CAS=r|DEGRE=p
Brice	Brice	NOMpro	NOMB.=s|GENRE=m|CAS=r
et	et	CONcoo	MORPH=empty
li	il	PROper	PERS.=3|NOMB.=s|GENRE=m|CAS=i
voudrent	voloir	VERcjg	MODE=ind|TEMPS=psp|PERS.=3|NOMB.=p
tuit	tot	PROind	NOMB.=p|GENRE=m|CAS=n
ensemble	ensemble	ADVgen	DEGRE=-
corre	corir	VERinf	NOMB.=x|GENRE=x|CAS=x
seure	sore	ADVgen	DEGRE=-
por	por2	PRE	MORPH=empty
lapider	lapider	VERinf	NOMB.=x|GENRE=x|CAS=x
et	et	CONcoo	MORPH=empty
por	por2	PRE	MORPH=empty
ocirre	ocire	VERinf	NOMB.=x|GENRE=x|CAS=x
et	et	CONcoo	MORPH=empty
si	si	ADVgen	DEGRE=-
disoient	dire	VERcjg	MODE=ind|TEMPS=ipf|PERS.=3|NOMB.=p
:	:	PONfbl	MORPH=empty
La	le	DETdef	NOMB.=s|GENRE=f|CAS=n
pitié	pitié	NOMcom	NOMB.=s|GENRE=f|CAS=n
del	de+le	PRE.DETdef	NOMB.=s|GENRE=m|CAS=r
seint	saint	ADJqua	NOMB.=s|GENRE=m|CAS=r|DEGRE=p
home	ome	NOMcom	NOMB.=s|GENRE=m|CAS=r
qi	que2	PROrel	NOMB.=s|GENRE=m|CAS=i
clers	clerc	NOMcom	NOMB.=s|GENRE=m|CAS=n
tu	tu	PROper	PERS.=2|NOMB.=s|GENRE=m|CAS=n
fus	estre1	VERcjg	MODE=ind|TEMPS=psp|PERS.=2|NOMB.=s
a	avoir	VERcjg	MODE=ind|TEMPS=pst|PERS.=3|NOMB.=s
fet	faire	VERppe	NOMB.=p|GENRE=f|CAS=r
celer	celer1	VERinf	NOMB.=x|GENRE=x|CAS=x
molt	mout	ADVgen	DEGRE=s
longement	longement	ADVgen	DEGRE=s
tes	ton4	DETpos	PERS.=2|NOMB.=p|GENRE=f|CAS=r
males	mal1	ADJqua	NOMB.=p|GENRE=f|CAS=r|DEGRE=p
oevres	uevre	NOMcom	NOMB.=p|GENRE=f|CAS=r
et	et	CONcoo	MORPH=empty
ta	ton4	DETpos	PERS.=2|NOMB.=s|GENRE=f|CAS=r
grant	grant	ADJqua	NOMB.=s|GENRE=f|CAS=r|DEGRE=p
luxure	luxure	NOMcom	NOMB.=s|GENRE=f|CAS=r
et	et	CONcoo	MORPH=empty
Dex	dieu	NOMcom	NOMB.=s|GENRE=m|CAS=n
ne	ne1	ADVneg	MORPH=empty
nos	nos1	PROper	PERS.=1|NOMB.=p|GENRE=m|CAS=r
lest	laissier	VERcjg	MODE=sub|TEMPS=pst|PERS.=3|NOMB.=s
mes	mais1	ADVneg	MORPH=empty
baisier	baisier	VERinf	NOMB.=x|GENRE=x|CAS=x
tiels	tel	DETind	NOMB.=p|GENRE=f|CAS=r
meins	main2	NOMcom	NOMB.=p|GENRE=f|CAS=r
,	,	PONfbl	MORPH=empty
car	car	CONcoo	MORPH=empty
eles	il	PROper	PERS.=3|NOMB.=p|GENRE=f|CAS=n
ne	ne1	ADVneg	MORPH=empty
sont	estre1	VERcjg	MODE=ind|TEMPS=pst|PERS.=3|NOMB.=p
mie	mie	ADVneg	MORPH=empty
dignes	digne	ADJqua	NOMB.=p|GENRE=m|CAS=n|DEGRE=p
.	.	PONfrt	MORPH=empty
Seinz	saint	ADJqua	NOMB.=s|GENRE=m|CAS=n|DEGRE=p
Brices	Brice	NOMpro	NOMB.=s|GENRE=m|CAS=n
respondoit	respondre1	VERcjg	MODE=ind|TEMPS=ipf|PERS.=3|NOMB.=s
qanq'	cant2	PROrel	NOMB.=p|GENRE=n|CAS=r
il	il	PROper	PERS.=3|NOMB.=s|GENRE=m|CAS=n
pooit	pöoir	VERcjg	MODE=ind|TEMPS=ipf|PERS.=3|NOMB.=s
encontre	encontre1	ADVgen	DEGRE=-
et	et	CONcoo	MORPH=empty
si	si	ADVgen	DEGRE=-
disoit	dire	VERcjg	MODE=ind|TEMPS=ipf|PERS.=3|NOMB.=s
qe	que4	CONsub	MORPH=empty
onqes	onque	ADVneg	MORPH=empty
teil	tel	DETind	NOMB.=s|GENRE=f|CAS=n
chose	chose	NOMcom	NOMB.=s|GENRE=f|CAS=n
ne	ne1	ADVneg	MORPH=empty
li	il	PROper	PERS.=3|NOMB.=s|GENRE=m|CAS=i
estoit	estre1	VERcjg	MODE=ind|TEMPS=ipf|PERS.=3|NOMB.=s
avenue	avenir	VERppe	NOMB.=s|GENRE=f|CAS=n
,	,	PONfbl	MORPH=empty
mes	mais1	CONcoo	MORPH=empty
com	come1	CONsub	MORPH=empty
plus	plus	ADVgen	DEGRE=-
s'	soi1	PROper	PERS.=3|NOMB.=s|GENRE=m|CAS=r
en	en2	PROadv	MORPH=empty
escondissoit	escondire	VERcjg	MODE=ind|TEMPS=ipf|PERS.=3|NOMB.=s
et	et	CONcoo	MORPH=empty
cil	cel	PROdem	NOMB.=p|GENRE=m|CAS=n
meins	moins	ADVgen	DEGRE=c
l'	il	PROper	PERS.=3|NOMB.=s|GENRE=m|CAS=r
en	en2	PROadv	MORPH=empty
creoient	croire	VERcjg	MODE=ind|TEMPS=ipf|PERS.=3|NOMB.=p
,	,	PONfbl	MORPH=empty
tant	tant	ADVgen	DEGRE=-
qe	que4	CONsub	MORPH=empty
seinz	saint	ADJqua	NOMB.=s|GENRE=m|CAS=n|DEGRE=p
Brices	Brice	NOMpro	NOMB.=s|GENRE=m|CAS=n
dist	dire	VERcjg	MODE=ind|TEMPS=psp|PERS.=3|NOMB.=s
,	,	PONfbl	MORPH=empty
qant	cant2	CONsub	MORPH=empty
il	il	PROper	PERS.=3|NOMB.=s|GENRE=m|CAS=n
vit	vëoir	VERcjg	MODE=ind|TEMPS=psp|PERS.=3|NOMB.=s
q'	que4	CONsub	MORPH=empty
il	il	PROper	PERS.=3|NOMB.=s|GENRE=m|CAS=n
n'	ne1	ADVneg	MORPH=empty
i	i2	PROadv	MORPH=empty
porroit	pöoir	VERcjg	MODE=con|PERS.=3|NOMB.=s
a	a3	PRE	MORPH=empty
eus	il	PROper	PERS.=3|NOMB.=p|GENRE=m|CAS=i
durer	durer	VERinf	NOMB.=x|GENRE=x|CAS=x
en	en1	PRE	MORPH=empty
nule	nul	DETind	NOMB.=s|GENRE=f|CAS=r
maniere	maniere	NOMcom	NOMB.=s|GENRE=f|CAS=r
,	,	PONfbl	MORPH=empty
qe	que4	CONsub	MORPH=empty
l'	le	OUT	MORPH=empty
en	on	PROind	NOMB.=s|GENRE=n|CAS=n
li	il	PROper	PERS.=3|NOMB.=s|GENRE=m|CAS=i
aportast	aporter	VERcjg	MODE=sub|TEMPS=ipf|PERS.=3|NOMB.=s
l'	le	DETdef	NOMB.=s|GENRE=m|CAS=r
enfant	enfant	NOMcom	NOMB.=s|GENRE=m|CAS=r
devant	devant	PRE	MORPH=empty
lui	il	PROper	PERS.=3|NOMB.=s|GENRE=m|CAS=i
.	.	PONfrt	MORPH=empty
Li	le	DETdef	NOMB.=s|GENRE=m|CAS=n
enfes	enfant	NOMcom	NOMB.=s|GENRE=m|CAS=n
fu	estre1	VERcjg	MODE=ind|TEMPS=psp|PERS.=3|NOMB.=s
aportez	aporter	VERppe	NOMB.=s|GENRE=m|CAS=n
qi	que2	PROrel	NOMB.=s|GENRE=m|CAS=n
n'	ne1	ADVneg	MORPH=empty
avoit	avoir	VERcjg	MODE=ind|TEMPS=ipf|PERS.=3|NOMB.=s
qe	que4	CONsub	MORPH=empty
.	.	PONfrt	MORPH=empty
.	.	PONfrt	MORPH=empty
jorz	jor	NOMcom	NOMB.=p|GENRE=m|CAS=r
.	.	PONfrt	MORPH=empty
Qant	cant2	CONsub	MORPH=empty
il	il	PROper	PERS.=3|NOMB.=s|GENRE=m|CAS=n
fu	estre1	VERcjg	MODE=ind|TEMPS=psp|PERS.=3|NOMB.=s
mis	metre2	VERppe	NOMB.=s|GENRE=m|CAS=n
devant	devant	PRE	MORPH=empty
le	le	DETdef	NOMB.=s|GENRE=m|CAS=r
pueple	pueple	NOMcom	NOMB.=s|GENRE=m|CAS=r
qi	que2	PROrel	NOMB.=s|GENRE=m|CAS=n
la	là	ADVgen	DEGRE=-
estoit	estre1	VERcjg	MODE=ind|TEMPS=ipf|PERS.=3|NOMB.=s
assamblez	assembler	VERppe	NOMB.=s|GENRE=m|CAS=n
et	et	CONcoo	MORPH=empty
devant	devant	PRE	MORPH=empty
seint	saint	ADJqua	NOMB.=s|GENRE=m|CAS=r|DEGRE=p
Brice	Brice	NOMpro	NOMB.=s|GENRE=m|CAS=n
,	,	PONfbl	MORPH=empty
seinz	saint	ADJqua	NOMB.=s|GENRE=m|CAS=n|DEGRE=p
Brices	Brice	NOMpro	NOMB.=s|GENRE=m|CAS=n
parla	parler	VERcjg	MODE=ind|TEMPS=psp|PERS.=3|NOMB.=s
et	et	CONcoo	MORPH=empty
si	si	ADVgen	DEGRE=-
dist	dire	VERcjg	MODE=ind|TEMPS=psp|PERS.=3|NOMB.=s
:	:	PONfbl	MORPH=empty
Enfes	enfant	NOMcom	NOMB.=s|GENRE=m|CAS=n
,	,	PONfbl	MORPH=empty
je	je	PROper	PERS.=1|NOMB.=s|GENRE=m|CAS=n
te	tu	PROper	PERS.=2|NOMB.=s|GENRE=m|CAS=r
conjur	conjurer	VERcjg	MODE=ind|TEMPS=pst|PERS.=1|NOMB.=s
par	par	PRE	MORPH=empty
nostre	nostre	DETpos	PERS.=1|NOMB.=s|GENRE=m|CAS=r
Signor	seignor	NOMcom	NOMB.=s|GENRE=m|CAS=r
Jesu	Jhesu	NOMpro	NOMB.=s|GENRE=m|CAS=r
Crist	Crist	NOMpro	NOMB.=s|GENRE=m|CAS=r
le	le	DETdef	NOMB.=s|GENRE=m|CAS=r
fil	fil2	NOMcom	NOMB.=s|GENRE=m|CAS=r
Deu	dieu	NOMcom	NOMB.=s|GENRE=m|CAS=r
qi	que2	PROrel	NOMB.=s|GENRE=m|CAS=n
est	estre1	VERcjg	MODE=ind|TEMPS=pst|PERS.=3|NOMB.=s
puissanz	poissant	ADJqua	NOMB.=s|GENRE=m|CAS=n|DEGRE=p
seur	sor2	PRE	MORPH=empty
tote	tot	DETind	NOMB.=s|GENRE=f|CAS=r
creature	crïature	NOMcom	NOMB.=s|GENRE=f|CAS=r
qe	que2	PROrel	NOMB.=s|GENRE=f|CAS=r
tu	tu	PROper	PERS.=2|NOMB.=s|GENRE=m|CAS=n
dies	dire	VERcjg	MODE=sub|TEMPS=pst|PERS.=2|NOMB.=s
devant	devant	PRE	MORPH=empty
toz	tot	DETind	NOMB.=p|GENRE=m|CAS=r
ceus	cel	PROdem	NOMB.=p|GENRE=m|CAS=r
qi	que2	PROrel	NOMB.=p|GENRE=m|CAS=n
ci	ci	ADVgen	DEGRE=-
sont	estre1	VERcjg	MODE=ind|TEMPS=pst|PERS.=3|NOMB.=p
assamblez	assembler	VERppe	NOMB.=p|GENRE=m|CAS=n
apertement	apertement	ADVgen	DEGRE=-
et	et	CONcoo	MORPH=empty
sanz	sans	PRE	MORPH=empty
atarjance	atarjance	NOMcom	NOMB.=s|GENRE=f|CAS=r
se	se	CONsub	MORPH=empty
je	je	PROper	PERS.=1|NOMB.=s|GENRE=m|CAS=n
t'	tu	PROper	PERS.=2|NOMB.=s|GENRE=m|CAS=r
engendrai	engendrer1	VERcjg	MODE=ind|TEMPS=psp|PERS.=1|NOMB.=s
.	.	PONfrt	MORPH=empty
Tuit	tot	DETind	NOMB.=p|GENRE=m|CAS=n
cil	cel	PROdem	NOMB.=p|GENRE=m|CAS=n
qi	que2	PROrel	NOMB.=p|GENRE=m|CAS=n
la	là	ADVgen	DEGRE=-
estoient	estre1	VERcjg	MODE=ind|TEMPS=ipf|PERS.=3|NOMB.=p
se	soi1	PROper	PERS.=3|NOMB.=p|GENRE=m|CAS=r
teurent	taire	VERcjg	MODE=ind|TEMPS=psp|PERS.=3|NOMB.=p
et	et	CONcoo	MORPH=empty
li	le	DETdef	NOMB.=s|GENRE=m|CAS=n
enfes	enfant	NOMcom	NOMB.=s|GENRE=m|CAS=n
respondi	respondre1	VERcjg	MODE=ind|TEMPS=psp|PERS.=3|NOMB.=s
par	par	PRE	MORPH=empty
la	le	DETdef	NOMB.=s|GENRE=f|CAS=r
volenté	volenté	NOMcom	NOMB.=s|GENRE=f|CAS=r
nostre	nostre	DETpos	PERS.=1|NOMB.=s|GENRE=m|CAS=r
Signor	seignor	NOMcom	NOMB.=s|GENRE=m|CAS=r
a	a3	PRE	MORPH=empty
seint	saint	ADJqua	NOMB.=s|GENRE=m|CAS=r|DEGRE=p
Brice	Brice	NOMpro	NOMB.=s|GENRE=m|CAS=r
et	et	CONcoo	MORPH=empty
si	si	ADVgen	DEGRE=-
dist	dire	VERcjg	MODE=ind|TEMPS=psp|PERS.=3|NOMB.=s
:	:	PONfbl	MORPH=empty
Tu	tu	PROper	PERS.=2|NOMB.=s|GENRE=m|CAS=n
n'	ne1	ADVneg	MORPH=empty
ies	estre1	VERcjg	MODE=ind|TEMPS=pst|PERS.=2|NOMB.=s
mie	mie	ADVneg	MORPH=empty
mon	mon1	DETpos	PERS.=1|NOMB.=s|GENRE=m|CAS=r
pere	pere	NOMcom	NOMB.=s|GENRE=m|CAS=r
.	.	PONfrt	MORPH=empty
Dont	dont	ADVgen	DEGRE=-
conmença	comencier	VERcjg	MODE=ind|TEMPS=psp|PERS.=3|NOMB.=s
toz	tot	DETind	NOMB.=s|GENRE=m|CAS=n
li	le	DETdef	NOMB.=s|GENRE=m|CAS=n
pueples	pueple	NOMcom	NOMB.=s|GENRE=m|CAS=n
a	a3	PRE	MORPH=empty
crier	crïer2	VERinf	NOMB.=x|GENRE=x|CAS=x
a	a3	PRE	MORPH=empty
seint	saint	ADJqua	NOMB.=s|GENRE=m|CAS=r|DEGRE=p
Brice	Brice	NOMpro	NOMB.=s|GENRE=m|CAS=r
et	et	CONcoo	MORPH=empty
a	a3	PRE	MORPH=empty
dire	dire	VERinf	NOMB.=x|GENRE=x|CAS=x
q'	que4	CONsub	MORPH=empty
il	il	PROper	PERS.=3|NOMB.=s|GENRE=m|CAS=n
li	il	PROper	PERS.=3|NOMB.=s|GENRE=m|CAS=i
demandast	demander	VERcjg	MODE=sub|TEMPS=ipf|PERS.=3|NOMB.=s
qi	que2	PROrel	NOMB.=s|GENRE=m|CAS=n
son	son4	DETpos	PERS.=3|NOMB.=s|GENRE=m|CAS=n
pere	pere	NOMcom	NOMB.=s|GENRE=m|CAS=n
estoit	estre1	VERcjg	MODE=ind|TEMPS=ipf|PERS.=3|NOMB.=s
.	.	PONfrt	MORPH=empty
Seinz	saint	ADJqua	NOMB.=s|GENRE=m|CAS=n|DEGRE=p
Brices	Brice	NOMpro	NOMB.=s|GENRE=m|CAS=n
lor	il	PROper	PERS.=3|NOMB.=p|GENRE=m|CAS=i
respondi	respondre1	VERcjg	MODE=ind|TEMPS=psp|PERS.=3|NOMB.=s
et	et	CONcoo	MORPH=empty
si	si	ADVgen	DEGRE=-
dist	dire	VERcjg	MODE=ind|TEMPS=psp|PERS.=3|NOMB.=s
:	:	PONfbl	MORPH=empty
A	a3	PRE	MORPH=empty
moi	je	PROper	PERS.=1|NOMB.=s|GENRE=m|CAS=i
n'	ne1	ADVneg	MORPH=empty
en	en2	PROadv	MORPH=empty
tient	tenir1	VERcjg	MODE=ind|TEMPS=pst|PERS.=3|NOMB.=s
rien	rien	PROind	NOMB.=s|GENRE=n|CAS=r
de	de	PRE	MORPH=empty
ce	ce1	PROdem	NOMB.=s|GENRE=n|CAS=r
demander	demander	VERinf	NOMB.=x|GENRE=x|CAS=x
ne	ne2	CONcoo	MORPH=empty
enqerre	enquerre	VERinf	NOMB.=x|GENRE=x|CAS=x
.	.	PONfrt	MORPH=empty
Ce	ce1	PROdem	NOMB.=s|GENRE=n|CAS=n
q'	que2	PROrel	NOMB.=s|GENRE=n|CAS=r
a	a3	PRE	MORPH=empty
moi	je	PROper	PERS.=1|NOMB.=s|GENRE=m|CAS=i
en	en2	PROadv	MORPH=empty
apertient	apartenir	VERcjg	MODE=ind|TEMPS=pst|PERS.=3|NOMB.=s
ice	ice1	PROdem	NOMB.=s|GENRE=n|CAS=r
li	il	PROper	PERS.=3|NOMB.=s|GENRE=m|CAS=i
ai	avoir	VERcjg	MODE=ind|TEMPS=pst|PERS.=1|NOMB.=s
je	je	PROper	PERS.=1|NOMB.=s|GENRE=m|CAS=n
demandé	demander	VERppe	NOMB.=s|GENRE=n|CAS=r
et	et	CONcoo	MORPH=empty
se	se	CONsub	MORPH=empty
voz	vos	PROper	PERS.=2|NOMB.=p|GENRE=m|CAS=n
en	en2	PROadv	MORPH=empty
volez	voloir	VERcjg	MODE=ind|TEMPS=pst|PERS.=2|NOMB.=p
autre	autre	DETind	NOMB.=s|GENRE=f|CAS=r
chose	chose	NOMcom	NOMB.=s|GENRE=f|CAS=r
savoir	savoir	VERinf	NOMB.=x|GENRE=x|CAS=x
,	,	PONfbl	MORPH=empty
si	si	ADVgen	DEGRE=-
le	il	PROper	PERS.=3|NOMB.=s|GENRE=m|CAS=r
demandez	demander	VERcjg	MODE=ind|TEMPS=pst|PERS.=2|NOMB.=p
.	.	PONfrt	MORPH=empty
Dont	dont	ADVgen	DEGRE=-
dist	dire	VERcjg	MODE=ind|TEMPS=psp|PERS.=3|NOMB.=s
li	le	DETdef	NOMB.=s|GENRE=m|CAS=n
pueples	pueple	NOMcom	NOMB.=s|GENRE=m|CAS=n
qe	que4	CONsub	MORPH=empty
ce	ce1	PROdem	NOMB.=s|GENRE=n|CAS=n
avoit	avoir	VERcjg	MODE=ind|TEMPS=ipf|PERS.=3|NOMB.=s
il	il	PROper	PERS.=3|NOMB.=s|GENRE=m|CAS=n
fait	faire	VERppe	NOMB.=s|GENRE=m|CAS=r
par	par	PRE	MORPH=empty
enchanterie	enchanterie	NOMcom	NOMB.=s|GENRE=f|CAS=r
ne	ne2	CONcoo	MORPH=empty
plus	plus	ADVgen	DEGRE=-
ne	ne1	ADVneg	MORPH=empty
seroit	estre1	VERcjg	MODE=con|PERS.=3|NOMB.=s
lor	lor2	DETpos	PERS.=3|NOMB.=s|GENRE=m|CAS=r
pasteur	pastor	NOMcom	NOMB.=s|GENRE=m|CAS=r
ne	ne2	CONcoo	MORPH=empty
lor	lor2	DETpos	PERS.=3|NOMB.=p|GENRE=m|CAS=r
evesqe	evesque	NOMcom	NOMB.=s|GENRE=m|CAS=r
.	.	PONfrt	MORPH=empty
Seinz	saint	ADJqua	NOMB.=s|GENRE=m|CAS=n|DEGRE=p
Brices	Brice	NOMpro	NOMB.=s|GENRE=m|CAS=n
qui	que2	PROrel	NOMB.=s|GENRE=m|CAS=n
mout	mout	ADVgen	DEGRE=s
estoit	estre1	VERcjg	MODE=ind|TEMPS=ipf|PERS.=3|NOMB.=s
en	en1	PRE	MORPH=empty
grant	grant	ADJqua	NOMB.=s|GENRE=f|CAS=r|DEGRE=p
angoisse	angoisse	NOMcom	NOMB.=s|GENRE=f|CAS=r
de	de	PRE	MORPH=empty
ce	ce1	PROdem	NOMB.=s|GENRE=n|CAS=r
que	que2	PROrel	NOMB.=s|GENRE=n|CAS=r
li	le	DETdef	NOMB.=s|GENRE=m|CAS=n
pueples	pueple	NOMcom	NOMB.=s|GENRE=m|CAS=n
le	il	PROper	PERS.=3|NOMB.=s|GENRE=m|CAS=r
demenoit	demener	VERcjg	MODE=ind|TEMPS=ipf|PERS.=3|NOMB.=s
en	en1	PRE	MORPH=empty
tel	tel	DETind	NOMB.=s|GENRE=f|CAS=r
maniere	maniere	NOMcom	NOMB.=s|GENRE=f|CAS=r
prist	prendre	VERcjg	MODE=ind|TEMPS=psp|PERS.=3|NOMB.=s
charbons	charbon	NOMcom	NOMB.=p|GENRE=m|CAS=r
toz	tot	ADVgen	DEGRE=-
ardanz	ardre	VERppa	NOMB.=p|GENRE=m|CAS=r
devant	devant	PRE	MORPH=empty
lui	il	PROper	PERS.=3|NOMB.=s|GENRE=m|CAS=i
en	en1	PRE	MORPH=empty
sa	son4	DETpos	PERS.=3|NOMB.=s|GENRE=f|CAS=r
vesteüre	vestëure	NOMcom	NOMB.=s|GENRE=f|CAS=r
,	,	PONfbl	MORPH=empty
si	si	ADVgen	DEGRE=-
les	il	PROper	PERS.=3|NOMB.=p|GENRE=m|CAS=r
emporta	emporter2	VERcjg	MODE=ind|TEMPS=psp|PERS.=3|NOMB.=s
tresq'	tresque1	ADVgen	DEGRE=-
a	a3	PRE	MORPH=empty
la	le	DETdef	NOMB.=s|GENRE=f|CAS=r
sepouture	sepouture	NOMcom	NOMB.=s|GENRE=f|CAS=r
seint	saint	ADJqua	NOMB.=s|GENRE=m|CAS=r|DEGRE=p
Martin	Martin	NOMpro	NOMB.=s|GENRE=m|CAS=r
devant	devant	PRE	MORPH=empty
lui	il	PROper	PERS.=3|NOMB.=s|GENRE=m|CAS=i
bien	bien1	ADVgen	DEGRE=-
estreinz	estreindre	VERppe	NOMB.=p|GENRE=m|CAS=r
et	et	CONcoo	MORPH=empty
qant	cant2	CONsub	MORPH=empty
il	il	PROper	PERS.=3|NOMB.=s|GENRE=m|CAS=n
i	i2	PROadv	MORPH=empty
parvint	parvenir	VERcjg	MODE=ind|TEMPS=psp|PERS.=3|NOMB.=s
,	,	PONfbl	MORPH=empty
il	il	PROper	PERS.=3|NOMB.=s|GENRE=m|CAS=n
les	il	PROper	PERS.=3|NOMB.=p|GENRE=m|CAS=r
geta	jeter	VERcjg	MODE=ind|TEMPS=psp|PERS.=3|NOMB.=s
jus	jus1	ADVgen	DEGRE=-
ne	ne2	CONcoo	MORPH=empty
onqes	onque	ADVneg	MORPH=empty
sa	son4	DETpos	PERS.=3|NOMB.=s|GENRE=f|CAS=r
vesteüre	vestëure	NOMcom	NOMB.=s|GENRE=f|CAS=r
ne	ne1	ADVneg	MORPH=empty
fu	estre1	VERcjg	MODE=ind|TEMPS=psp|PERS.=3|NOMB.=s
de	de	PRE	MORPH=empty
noient	nïent	NOMcom	NOMB.=s|GENRE=f|CAS=n
brullee	brusler	VERppe	NOMB.=s|GENRE=f|CAS=n
.	.	PONfrt	MORPH=empty
Lors	lors	ADVgen	DEGRE=-
parla	parler	VERcjg	MODE=ind|TEMPS=psp|PERS.=3|NOMB.=s
li	le	DETdef	NOMB.=s|GENRE=m|CAS=n
evesqes	evesque	NOMcom	NOMB.=s|GENRE=m|CAS=n
au	a3+le	PRE.DETdef	NOMB.=s|GENRE=m|CAS=r
pueple	pueple	NOMcom	NOMB.=s|GENRE=m|CAS=r
et	et	CONcoo	MORPH=empty
si	si	ADVgen	DEGRE=-
lor	il	PROper	PERS.=3|NOMB.=p|GENRE=m|CAS=i
dist	dire	VERcjg	MODE=ind|TEMPS=psp|PERS.=3|NOMB.=s
:	:	PONfbl	MORPH=empty
Beaus	bel1	ADJqua	NOMB.=p|GENRE=m|CAS=r|DEGRE=p
signors	seignor	NOMcom	NOMB.=p|GENRE=m|CAS=r
,	,	PONfbl	MORPH=empty
saciez	savoir	VERcjg	MODE=imp|PERS.=2|NOMB.=p
qe	que4	CONsub	MORPH=empty
noient	nïent	NOMcom	NOMB.=s|GENRE=m|CAS=n
plus	plus	ADVgen	DEGRE=c
qe	que4	CONsub	MORPH=empty
cis	cest	DETdem	NOMB.=s|GENRE=m|CAS=n
dras	drap	NOMcom	NOMB.=s|GENRE=m|CAS=n
est	estre1	VERcjg	MODE=ind|TEMPS=pst|PERS.=3|NOMB.=s
empiriez	empirier	VERppe	NOMB.=s|GENRE=m|CAS=n
ne	ne2	CONcoo	MORPH=empty
maumis	maumetre	VERppe	NOMB.=s|GENRE=m|CAS=n
par	par	PRE	MORPH=empty
le	le	DETdef	NOMB.=s|GENRE=m|CAS=r
feu	feu	NOMcom	NOMB.=s|GENRE=m|CAS=r
ne﻿	ne2	CONcoo	MORPH=empty
par	par	PRE	MORPH=empty
la	le	DETdef	NOMB.=s|GENRE=f|CAS=r
flambe	flambe	NOMcom	NOMB.=s|GENRE=f|CAS=r
qi	que2	PROrel	NOMB.=s|GENRE=f|CAS=n
a	a3	PRE	MORPH=empty
lui	il	PROper	PERS.=3|NOMB.=s|GENRE=m|CAS=i
est	estre1	VERcjg	MODE=ind|TEMPS=pst|PERS.=3|NOMB.=s
ajostee	ajoster	VERppe	NOMB.=s|GENRE=f|CAS=n
,	,	PONfbl	MORPH=empty
si	si	ADVgen	DEGRE=-
com	come1	CONsub	MORPH=empty
vous	vos	PROper	PERS.=2|NOMB.=p|GENRE=m|CAS=n
avez	avoir	VERcjg	MODE=ind|TEMPS=pst|PERS.=2|NOMB.=p
oï	öir	VERppe	NOMB.=s|GENRE=n|CAS=r
et	et	CONcoo	MORPH=empty
veü	vëoir	VERppe	NOMB.=s|GENRE=n|CAS=r
,	,	PONfbl	MORPH=empty
noient	nïent	NOMcom	NOMB.=s|GENRE=m|CAS=n
plus	plus	ADVgen	DEGRE=c
n'	ne1	ADVneg	MORPH=empty
est	estre1	VERcjg	MODE=ind|TEMPS=pst|PERS.=3|NOMB.=s
mon	mon1	DETpos	PERS.=1|NOMB.=s|GENRE=m|CAS=n
cors	cors1	NOMcom	NOMB.=s|GENRE=m|CAS=n
conciez	conchiier	VERppe	NOMB.=s|GENRE=m|CAS=n
ne	ne2	CONcoo	MORPH=empty
atouchiez	atochier	VERppe	NOMB.=s|GENRE=m|CAS=n
par	par	PRE	MORPH=empty
l'	le	DETdef	NOMB.=s|GENRE=m|CAS=r
atochement	atochement	NOMcom	NOMB.=s|GENRE=m|CAS=r
de	de	PRE	MORPH=empty
ceste	cest	DETdem	NOMB.=s|GENRE=f|CAS=r
feme	feme	NOMcom	NOMB.=s|GENRE=f|CAS=r
.	.	PONfrt	MORPH=empty
Cil	cel	PROdem	NOMB.=p|GENRE=m|CAS=n
ne	ne1	ADVneg	MORPH=empty
l'	il	PROper	PERS.=3|NOMB.=s|GENRE=m|CAS=r
en	en2	PROadv	MORPH=empty
voudrent	voloir	VERcjg	MODE=ind|TEMPS=psp|PERS.=3|NOMB.=p
croire	croire	VERinf	NOMB.=x|GENRE=x|CAS=x
por	por2	PRE	MORPH=empty
quanq'	cant2	PROrel	NOMB.=p|GENRE=n|CAS=i
il	il	PROper	PERS.=3|NOMB.=p|GENRE=m|CAS=n
avoient	avoir	VERcjg	MODE=ind|TEMPS=ipf|PERS.=3|NOMB.=p
veü	vëoir	VERppe	NOMB.=p|GENRE=m|CAS=r
,	,	PONfbl	MORPH=empty
einz	ainz	ADVgen	DEGRE=-
le	il	PROper	PERS.=3|NOMB.=s|GENRE=m|CAS=r
trestrent	traire	VERcjg	MODE=ind|TEMPS=psp|PERS.=3|NOMB.=p
et	et	CONcoo	MORPH=empty
geterent	jeter	VERcjg	MODE=ind|TEMPS=psp|PERS.=3|NOMB.=p
fors	fors1	ADVgen	DEGRE=-
de	de	PRE	MORPH=empty
la	le	DETdef	NOMB.=s|GENRE=f|CAS=r
cité	cité	NOMcom	NOMB.=s|GENRE=f|CAS=r
.	.	PONfrt	MORPH=empty
Einsint	ainsi	ADVgen	DEGRE=-
fu	estre1	VERcjg	MODE=ind|TEMPS=psp|PERS.=3|NOMB.=s
aemplie	aemplir	VERppe	NOMB.=s|GENRE=f|CAS=n
la	le	DETdef	NOMB.=s|GENRE=f|CAS=n
parole	parole	NOMcom	NOMB.=s|GENRE=f|CAS=n
seint	saint	ADJqua	NOMB.=s|GENRE=m|CAS=r|DEGRE=p
Martin	Martin	NOMpro	NOMB.=s|GENRE=m|CAS=r
qi	que2	PROrel	NOMB.=s|GENRE=m|CAS=n
li	il	PROper	PERS.=3|NOMB.=s|GENRE=m|CAS=i
dist	dire	VERcjg	MODE=ind|TEMPS=psp|PERS.=3|NOMB.=s
q'	que4	CONsub	MORPH=empty
il	il	PROper	PERS.=3|NOMB.=s|GENRE=m|CAS=n
averoit	avoir	VERcjg	MODE=con|PERS.=3|NOMB.=s
mout	mout	ADVgen	DEGRE=s
de	de	PRE	MORPH=empty
paines	peine	NOMcom	NOMB.=p|GENRE=f|CAS=r
et	et	CONcoo	MORPH=empty
de	de	PRE	MORPH=empty
adversitez	aversité	NOMcom	NOMB.=p|GENRE=f|CAS=r
en	en1	PRE	MORPH=empty
l'	le	DETdef	NOMB.=s|GENRE=m|CAS=r
eveschié	eveschié	NOMcom	NOMB.=s|GENRE=m|CAS=r
et	et	CONcoo	MORPH=empty
en	en1	PRE	MORPH=empty
la	le	DETdef	NOMB.=s|GENRE=f|CAS=r
signorie	seignorie	NOMcom	NOMB.=s|GENRE=f|CAS=r
.	.	PONfrt	MORPH=empty
Qant	cant2	CONsub	MORPH=empty
seinz	saint	ADJqua	NOMB.=s|GENRE=m|CAS=n|DEGRE=p
Brices	Brice	NOMpro	NOMB.=s|GENRE=m|CAS=n
fu	estre1	VERcjg	MODE=ind|TEMPS=psp|PERS.=3|NOMB.=s
einsi	ainsi	ADVgen	DEGRE=-
getez	jeter	VERppe	NOMB.=s|GENRE=m|CAS=n
de	de	PRE	MORPH=empty
la	le	DETdef	NOMB.=s|GENRE=f|CAS=r
cité	cité	NOMcom	NOMB.=s|GENRE=f|CAS=r
de	de	PRE	MORPH=empty
Torz	Tours	NOMpro	NOMB.=s|GENRE=f|CAS=r
et	et	CONcoo	MORPH=empty
sachiez	sachier2	VERcjg	MODE=imp|PERS.=2|NOMB.=p
,	,	PONfbl	MORPH=empty
li	le	DETdef	NOMB.=p|GENRE=m|CAS=n
citoien	citëain	NOMcom	NOMB.=p|GENRE=m|CAS=n
firent	faire	VERcjg	MODE=ind|TEMPS=psp|PERS.=3|NOMB.=p
arcevesqe	arcevesque	NOMcom	NOMB.=s|GENRE=m|CAS=r
de	de	PRE	MORPH=empty
Justinien	Justinien	NOMpro	NOMB.=s|GENRE=m|CAS=r
et	et	CONcoo	MORPH=empty
seinz	saint	ADJqua	NOMB.=s|GENRE=m|CAS=n|DEGRE=p
Brices	Brice	NOMpro	NOMB.=s|GENRE=m|CAS=n
s'	soi1	PROper	PERS.=3|NOMB.=s|GENRE=m|CAS=r
en	en2	PROadv	MORPH=empty
ala	aler	VERcjg	MODE=ind|TEMPS=psp|PERS.=3|NOMB.=s
a	a3	PRE	MORPH=empty
Rome	Rome	NOMpro	NOMB.=s|GENRE=f|CAS=r
a	a3	PRE	MORPH=empty
l'	le	DETdef	NOMB.=s|GENRE=m|CAS=r
apostole	apostoile	NOMcom	NOMB.=s|GENRE=m|CAS=r
,	,	PONfbl	MORPH=empty
si	si	ADVgen	DEGRE=-
li	il	PROper	PERS.=3|NOMB.=s|GENRE=m|CAS=i
conta	conter	VERcjg	MODE=ind|TEMPS=psp|PERS.=3|NOMB.=s
tout	tot	ADVgen	DEGRE=-
em	en1	PRE	MORPH=empty
plorant	plorer	VERppa	NOMB.=x|GENRE=x|CAS=x
coment	coment1	ADVsub	MORPH=empty
l'	le	DETdef	NOMB.=s|GENRE=f|CAS=n
oevre	uevre	NOMcom	NOMB.=s|GENRE=f|CAS=n
de	de	PRE	MORPH=empty
lui	il	PROper	PERS.=3|NOMB.=s|GENRE=m|CAS=i
estoit	estre1	VERcjg	MODE=ind|TEMPS=ipf|PERS.=3|NOMB.=s
alee	aler	VERppe	NOMB.=s|GENRE=f|CAS=n
et	et	CONcoo	MORPH=empty
si	si	ADVgen	DEGRE=-
li	il	PROper	PERS.=3|NOMB.=s|GENRE=m|CAS=i
dist	dire	VERcjg	MODE=ind|TEMPS=psp|PERS.=3|NOMB.=s
qe	que4	CONsub	MORPH=empty
ce	ce1	PROdem	NOMB.=s|GENRE=n|CAS=n
estoit	estre1	VERcjg	MODE=ind|TEMPS=ipf|PERS.=3|NOMB.=s
a	a3	PRE	MORPH=empty
bon	bon	ADJqua	NOMB.=s|GENRE=m|CAS=r|DEGRE=p
droit	droit	NOMcom	NOMB.=s|GENRE=m|CAS=r
q'	que4	CONsub	MORPH=empty
il	il	PROper	PERS.=3|NOMB.=s|GENRE=m|CAS=n
avoit	avoir	VERcjg	MODE=ind|TEMPS=ipf|PERS.=3|NOMB.=s
cest	cest	DETdem	NOMB.=s|GENRE=m|CAS=r
travail	travail	NOMcom	NOMB.=s|GENRE=m|CAS=r
et	et	CONcoo	MORPH=empty
ceste	cest	DETdem	NOMB.=s|GENRE=f|CAS=r
peine	peine	NOMcom	NOMB.=s|GENRE=f|CAS=r
,	,	PONfbl	MORPH=empty
car	car	CONcoo	MORPH=empty
il	il	PROper	PERS.=3|NOMB.=s|GENRE=m|CAS=n
avoit	avoir	VERcjg	MODE=ind|TEMPS=ipf|PERS.=3|NOMB.=s
molt	mout	ADVgen	DEGRE=-
pechié	pechier	VERppe	NOMB.=s|GENRE=m|CAS=r
envers	envers2	PRE	MORPH=empty
seint	saint	ADJqua	NOMB.=s|GENRE=m|CAS=r|DEGRE=p
Martin	Martin	NOMpro	NOMB.=s|GENRE=m|CAS=r
le	le	DETdef	NOMB.=s|GENRE=m|CAS=r
seint	saint	ADJqua	NOMB.=s|GENRE=m|CAS=r|DEGRE=p
home	ome	NOMcom	NOMB.=s|GENRE=m|CAS=r
et	et	CONcoo	MORPH=empty
dites	dire	VERppe	NOMB.=p|GENRE=f|CAS=r
meintes	maint	DETind	NOMB.=p|GENRE=f|CAS=r
paroles	parole	NOMcom	NOMB.=p|GENRE=f|CAS=r
qi	que2	PROrel	NOMB.=p|GENRE=f|CAS=n
li	il	PROper	PERS.=3|NOMB.=p|GENRE=m|CAS=i
greverent	grever	VERcjg	MODE=ind|TEMPS=psp|PERS.=3|NOMB.=p
et	et	CONcoo	MORPH=empty
la	là	ADVgen	DEGRE=-
ou	où	PROrel	NOMB.=s|GENRE=n|CAS=i
il	il	PROper	PERS.=3|NOMB.=s|GENRE=m|CAS=n
avoit	avoir	VERcjg	MODE=ind|TEMPS=ipf|PERS.=3|NOMB.=s
veües	vëoir	VERppe	NOMB.=p|GENRE=f|CAS=r
ses	son4	DETpos	PERS.=3|NOMB.=p|GENRE=f|CAS=r
vertuz	vertu	NOMcom	NOMB.=p|GENRE=f|CAS=r
,	,	PONfbl	MORPH=empty
ne	ne1	ADVneg	MORPH=empty
les	il	PROper	PERS.=3|NOMB.=p|GENRE=f|CAS=r
avoit	avoir	VERcjg	MODE=ind|TEMPS=ipf|PERS.=3|NOMB.=s
il	il	PROper	PERS.=3|NOMB.=s|GENRE=m|CAS=n
mie	mie	ADVneg	MORPH=empty
creües	croire	VERppe	NOMB.=p|GENRE=f|CAS=r
.	.	PONfrt	MORPH=empty
Qant	cant2	CONsub	MORPH=empty
cil	cel	PROdem	NOMB.=p|GENRE=m|CAS=n
de	de	PRE	MORPH=empty
Tors	Tours	NOMpro	NOMB.=s|GENRE=f|CAS=r
sorent	savoir	VERcjg	MODE=ind|TEMPS=psp|PERS.=3|NOMB.=p
qe	que4	CONsub	MORPH=empty
seinz	saint	ADJqua	NOMB.=s|GENRE=m|CAS=n|DEGRE=p
Brices	Brice	NOMpro	NOMB.=s|GENRE=m|CAS=n
estoit	estre1	VERcjg	MODE=ind|TEMPS=ipf|PERS.=3|NOMB.=s
einsi	ainsi	ADVgen	DEGRE=-
a	a3	PRE	MORPH=empty
Rome	Rome	NOMpro	NOMB.=s|GENRE=f|CAS=r
alez	aler	VERppe	NOMB.=s|GENRE=m|CAS=n
,	,	PONfbl	MORPH=empty
il	il	PROper	PERS.=3|NOMB.=p|GENRE=m|CAS=n
trestrent	traire	VERcjg	MODE=ind|TEMPS=psp|PERS.=3|NOMB.=p
a	a3	PRE	MORPH=empty
Justien	Justinien	NOMpro	NOMB.=s|GENRE=m|CAS=r
lor	lor2	DETpos	PERS.=3|NOMB.=s|GENRE=m|CAS=r
arcevesqe	arcevesque	NOMcom	NOMB.=s|GENRE=m|CAS=r
et	et	CONcoo	MORPH=empty
si	si	ADVgen	DEGRE=-
li	il	PROper	PERS.=3|NOMB.=s|GENRE=m|CAS=i
distrent	dire	VERcjg	MODE=ind|TEMPS=psp|PERS.=3|NOMB.=p
q'	que4	CONsub	MORPH=empty
il	il	PROper	PERS.=3|NOMB.=s|GENRE=m|CAS=n
s'	soi1	PROper	PERS.=3|NOMB.=s|GENRE=m|CAS=r
en	en2	PROadv	MORPH=empty
alast	aler	VERcjg	MODE=sub|TEMPS=ipf|PERS.=3|NOMB.=s
aprés	après	PRE	MORPH=empty
seint	saint	ADJqua	NOMB.=s|GENRE=m|CAS=r|DEGRE=p
Brice	Brice	NOMpro	NOMB.=s|GENRE=m|CAS=r
a	a3	PRE	MORPH=empty
Rome	Rome	NOMpro	NOMB.=s|GENRE=f|CAS=r
,	,	PONfbl	MORPH=empty
si	si	ADVgen	DEGRE=-
fust	estre1	VERcjg	MODE=sub|TEMPS=ipf|PERS.=3|NOMB.=s
encontre	encontre1	PRE	MORPH=empty
lui	il	PROper	PERS.=3|NOMB.=s|GENRE=m|CAS=i
del	de+le	PRE.DETdef	NOMB.=s|GENRE=n|CAS=r
tout	tot	PROind	NOMB.=s|GENRE=n|CAS=r
,	,	PONfbl	MORPH=empty
si	si	ADVgen	DEGRE=-
com	come1	CONsub	MORPH=empty
por	por2	PRE	MORPH=empty
lui	il	PROper	PERS.=3|NOMB.=s|GENRE=m|CAS=i
meïsmes	mëisme	ADJind	NOMB.=s|GENRE=m|CAS=r
et	et	CONcoo	MORPH=empty
s'	se	CONsub	MORPH=empty
il	il	PROper	PERS.=3|NOMB.=s|GENRE=m|CAS=n
ce	ce1	PROdem	NOMB.=s|GENRE=n|CAS=r
ne	ne1	ADVneg	MORPH=empty
fesoit	faire	VERcjg	MODE=ind|TEMPS=ipf|PERS.=3|NOMB.=s
,	,	PONfbl	MORPH=empty
bien	bien1	ADVgen	DEGRE=-
seüst	savoir	VERcjg	MODE=sub|TEMPS=ipf|PERS.=3|NOMB.=s
q'	que4	CONsub	MORPH=empty
il	il	PROper	PERS.=3|NOMB.=p|GENRE=m|CAS=n
le	il	PROper	PERS.=3|NOMB.=s|GENRE=m|CAS=r
desposeroient	despire	VERcjg	MODE=con|PERS.=3|NOMB.=p
.	.	PONfrt	MORPH=empty
Dont	dont	ADVgen	DEGRE=-
issi	issir	VERcjg	MODE=ind|TEMPS=psp|PERS.=3|NOMB.=s
Justiens	Justinien	NOMpro	NOMB.=s|GENRE=m|CAS=n
de	de	PRE	MORPH=empty
la	le	DETdef	NOMB.=s|GENRE=f|CAS=r
cité	cité	NOMcom	NOMB.=s|GENRE=f|CAS=r
de	de	PRE	MORPH=empty
Tors	Tours	NOMpro	NOMB.=s|GENRE=f|CAS=r
et	et	CONcoo	MORPH=empty
ala	aler	VERcjg	MODE=ind|TEMPS=psp|PERS.=3|NOMB.=s
tant	tant	ADVgen	DEGRE=-
q'	que4	CONsub	MORPH=empty
il	il	PROper	PERS.=3|NOMB.=s|GENRE=m|CAS=n
vint	venir	VERcjg	MODE=ind|TEMPS=psp|PERS.=3|NOMB.=s
a	a3	PRE	MORPH=empty
Verziaus	Vercelles	NOMpro	NOMB.=s|GENRE=f|CAS=r
en	en1	PRE	MORPH=empty
Lombardie	Lombardie	NOMpro	NOMB.=s|GENRE=f|CAS=r
et	et	CONcoo	MORPH=empty
la	là	ADVgen	DEGRE=-
acoucha	acouchier	VERcjg	MODE=ind|TEMPS=psp|PERS.=3|NOMB.=s
il	il	PROper	PERS.=3|NOMB.=s|GENRE=m|CAS=n
malades	malade	ADJqua	NOMB.=s|GENRE=m|CAS=n|DEGRE=p
,	,	PONfbl	MORPH=empty
si	si	ADVgen	DEGRE=-
morut	morir	VERcjg	MODE=ind|TEMPS=psp|PERS.=3|NOMB.=s
par	par	PRE	MORPH=empty
la	le	DETdef	NOMB.=s|GENRE=f|CAS=r
volentet	volenté	NOMcom	NOMB.=s|GENRE=f|CAS=r
nostre	nostre	DETpos	PERS.=1|NOMB.=s|GENRE=m|CAS=r
Signor	seignor	NOMcom	NOMB.=s|GENRE=m|CAS=r
.	.	PONfrt	MORPH=empty
Quant	cant2	CONsub	MORPH=empty
cil	cel	PROdem	NOMB.=p|GENRE=m|CAS=n
de	de	PRE	MORPH=empty
Tors	Tours	NOMpro	NOMB.=s|GENRE=f|CAS=r
sorent	savoir	VERcjg	MODE=ind|TEMPS=psp|PERS.=3|NOMB.=p
la	le	DETdef	NOMB.=s|GENRE=f|CAS=r
novele	novele	NOMcom	NOMB.=s|GENRE=f|CAS=r
de	de	PRE	MORPH=empty
Justien	Justinien	NOMpro	NOMB.=s|GENRE=m|CAS=r
qi	que2	PROrel	NOMB.=s|GENRE=m|CAS=n
mors	morir	VERppe	NOMB.=s|GENRE=m|CAS=n
estoit	estre1	VERcjg	MODE=ind|TEMPS=ipf|PERS.=3|NOMB.=s
,	,	PONfbl	MORPH=empty
il	il	PROper	PERS.=3|NOMB.=p|GENRE=m|CAS=n
ne	ne1	ADVneg	MORPH=empty
deguerpirent	deguerpir	VERcjg	MODE=ind|TEMPS=psp|PERS.=3|NOMB.=p
mie	mie	ADVneg	MORPH=empty
lor	lor2	DETpos	PERS.=3|NOMB.=s|GENRE=f|CAS=r
grant	grant	ADJqua	NOMB.=s|GENRE=f|CAS=r|DEGRE=p
felonie	felonie	NOMcom	NOMB.=s|GENRE=f|CAS=r
,	,	PONfbl	MORPH=empty
einz	ainz	ADVgen	DEGRE=-
remistrent	remanoir	VERcjg	MODE=ind|TEMPS=psp|PERS.=3|NOMB.=p
Armense	Armense	NOMpro	NOMB.=s|GENRE=f|CAS=n
en	en1	PRE	MORPH=empty
la	le	DETdef	NOMB.=s|GENRE=f|CAS=r
chaere	chaiere	NOMcom	NOMB.=s|GENRE=f|CAS=r
et	et	CONcoo	MORPH=empty
en	en1	PRE	MORPH=empty
la	le	DETdef	NOMB.=s|GENRE=f|CAS=r
signorie	seignorie	NOMcom	NOMB.=s|GENRE=f|CAS=r
.	.	PONfrt	MORPH=empty
Et	et	CONcoo	MORPH=empty
seinz	saint	ADJqua	NOMB.=s|GENRE=m|CAS=n|DEGRE=p
Brices	Brice	NOMpro	NOMB.=s|GENRE=m|CAS=n
qi	que2	PROrel	NOMB.=s|GENRE=m|CAS=n
en	en1	PRE	MORPH=empty
Rome	Rome	NOMpro	NOMB.=s|GENRE=f|CAS=r
estoit	estre1	VERcjg	MODE=ind|TEMPS=ipf|PERS.=3|NOMB.=s
chantoit	chanter	VERcjg	MODE=ind|TEMPS=ipf|PERS.=3|NOMB.=s
messe	messe	NOMcom	NOMB.=s|GENRE=f|CAS=r
en	en1	PRE	MORPH=empty
la	le	DETdef	NOMB.=s|GENRE=f|CAS=r
cité	cité	NOMcom	NOMB.=s|GENRE=f|CAS=r
et	et	CONcoo	MORPH=empty
ploroit	plorer	VERcjg	MODE=ind|TEMPS=ipf|PERS.=3|NOMB.=s
por	por2	PRE	MORPH=empty
les	le	DETdef	NOMB.=p|GENRE=m|CAS=r
mesfez	mesfait	NOMcom	NOMB.=p|GENRE=m|CAS=r
q'	que2	PROrel	NOMB.=p|GENRE=f|CAS=r
il	il	PROper	PERS.=3|NOMB.=s|GENRE=m|CAS=n
avoit	avoir	VERcjg	MODE=ind|TEMPS=ipf|PERS.=3|NOMB.=s
fez	faire	VERppe	NOMB.=p|GENRE=m|CAS=r
envers	envers2	PRE	MORPH=empty
seint	saint	ADJqua	NOMB.=s|GENRE=m|CAS=r|DEGRE=p
Martin	Martin	NOMpro	NOMB.=s|GENRE=m|CAS=r
.	.	PONfrt	MORPH=empty
Qant	cant2	CONsub	MORPH=empty
vint	venir	VERcjg	MODE=ind|TEMPS=psp|PERS.=3|NOMB.=s
au	a3+le	PRE.DETdef	NOMB.=s|GENRE=m|CAS=r
septieme	septe	NOMcom	NOMB.=s|GENRE=m|CAS=r
an	an	NOMcom	MORPH=empty
,	,	PONfbl	MORPH=empty
il	il	PROper	PERS.=3|NOMB.=s|GENRE=m|CAS=n
s'	soi1	PROper	PERS.=3|NOMB.=s|GENRE=m|CAS=r
en	en2	PROadv	MORPH=empty
repaira	repairier	VERcjg	MODE=ind|TEMPS=psp|PERS.=3|NOMB.=s
par	par	PRE	MORPH=empty
la	le	DETdef	NOMB.=s|GENRE=f|CAS=r
volenté	volenté	NOMcom	NOMB.=s|GENRE=f|CAS=r
de	de	PRE	MORPH=empty
l'	le	DETdef	NOMB.=s|GENRE=m|CAS=r
apostoile	apostoile	NOMcom	NOMB.=s|GENRE=m|CAS=r
et	et	CONcoo	MORPH=empty
par	par	PRE	MORPH=empty
s'	son4	DETpos	PERS.=3|NOMB.=s|GENRE=f|CAS=r
auctorité	autorité	NOMcom	NOMB.=s|GENRE=f|CAS=r
a	a3	PRE	MORPH=empty
la	le	DETdef	NOMB.=s|GENRE=f|CAS=r
cité	cité	NOMcom	NOMB.=s|GENRE=f|CAS=r
de	de	PRE	MORPH=empty
Tors	Tours	NOMpro	NOMB.=s|GENRE=f|CAS=r
et	et	CONcoo	MORPH=empty
ala	aler	VERcjg	MODE=ind|TEMPS=psp|PERS.=3|NOMB.=s
tant	tant	ADVgen	DEGRE=-
q'	que4	CONsub	MORPH=empty
il	il	PROper	PERS.=3|NOMB.=s|GENRE=m|CAS=n
vint	venir	VERcjg	MODE=ind|TEMPS=psp|PERS.=3|NOMB.=s
au	a3+le	PRE.DETdef	NOMB.=s|GENRE=m|CAS=r
chastel	chastel	NOMcom	NOMB.=s|GENRE=m|CAS=r
de	de	PRE	MORPH=empty
Lodun	Lodun	NOMpro	NOMB.=s|GENRE=f|CAS=r
,	,	PONfbl	MORPH=empty
se	si	ADVgen	DEGRE=-
s'	soi1	PROper	PERS.=3|NOMB.=s|GENRE=m|CAS=r
i	i2	PROadv	MORPH=empty
herberga	herbergier	VERcjg	MODE=ind|TEMPS=psp|PERS.=3|NOMB.=s
une	un	DETndf	NOMB.=s|GENRE=f|CAS=r
nuit	nuit	NOMcom	NOMB.=s|GENRE=f|CAS=r
.	.	PONfrt	MORPH=empty
Et	et	CONcoo	MORPH=empty
adonc	adonc	ADVgen	DEGRE=-
estoit	estre1	VERcjg	MODE=ind|TEMPS=ipf|PERS.=3|NOMB.=s
Armenses	Armense	NOMpro	NOMB.=s|GENRE=f|CAS=n
molt	mout	ADVgen	DEGRE=s
malades	malade	ADJqua	NOMB.=s|GENRE=m|CAS=n|DEGRE=p
de	de	PRE	MORPH=empty
molt	mout	ADVgen	DEGRE=-
crueles	crüel	ADJqua	NOMB.=p|GENRE=f|CAS=r|DEGRE=p
fievres	fievre	NOMcom	NOMB.=p|GENRE=f|CAS=r
,	,	PONfbl	MORPH=empty
si	si	ADVgen	DEGRE=-
q'	que4	CONsub	MORPH=empty
il	il	PROper	PERS.=3|NOMB.=s|GENRE=m|CAS=n
rendi	rendre	VERcjg	MODE=ind|TEMPS=psp|PERS.=3|NOMB.=s
l'	le	DETdef	NOMB.=s|GENRE=f|CAS=r
ame	ame	NOMcom	NOMB.=s|GENRE=f|CAS=r
a	a3	PRE	MORPH=empty
mienuit	mïenuit	NOMcom	NOMB.=s|GENRE=f|CAS=r
.	.	PONfrt	MORPH=empty
Et	et	CONcoo	MORPH=empty
meintenant	maintenant	ADVgen	DEGRE=-
q'	que4	CONsub	MORPH=empty
il	il	PROper	PERS.=3|NOMB.=s|GENRE=m|CAS=n
fu	estre1	VERcjg	MODE=ind|TEMPS=psp|PERS.=3|NOMB.=s
morz	morir	VERppe	NOMB.=s|GENRE=m|CAS=n
,	,	PONfbl	MORPH=empty
le	il	PROper	PERS.=3|NOMB.=s|GENRE=m|CAS=r
sot	savoir	VERcjg	MODE=ind|TEMPS=psp|PERS.=3|NOMB.=s
seinz	saint	ADJqua	NOMB.=s|GENRE=m|CAS=n|DEGRE=p
Brices	Brice	NOMpro	NOMB.=s|GENRE=m|CAS=n
par	par	PRE	MORPH=empty
avision	avision	NOMcom	NOMB.=s|GENRE=f|CAS=r
,	,	PONfbl	MORPH=empty
si	si	ADVgen	DEGRE=-
dist	dire	VERcjg	MODE=ind|TEMPS=psp|PERS.=3|NOMB.=s
a	a3	PRE	MORPH=empty
ses	son4	DETpos	PERS.=3|NOMB.=p|GENRE=m|CAS=r
compaignons	compagnon	NOMcom	NOMB.=p|GENRE=m|CAS=r
qi	que2	PROrel	NOMB.=p|GENRE=m|CAS=n
ensamble	ensemble	ADVgen	DEGRE=-
o	o4	PRE	MORPH=empty
lui	il	PROper	PERS.=3|NOMB.=s|GENRE=m|CAS=i
estoient	estre1	VERcjg	MODE=ind|TEMPS=ipf|PERS.=3|NOMB.=p
:	:	PONfbl	MORPH=empty
Levez	lever	VERcjg	MODE=imp|PERS.=2|NOMB.=p
sus	sus	ADVgen	DEGRE=-
isnielement	isnelement	ADVgen	DEGRE=-
,	,	PONfbl	MORPH=empty
si	si	ADVgen	DEGRE=-
qe	que4	CONsub	MORPH=empty
nos	nos1	PROper	PERS.=1|NOMB.=p|GENRE=m|CAS=n
puissons	pöoir	VERcjg	MODE=sub|TEMPS=pst|PERS.=1|NOMB.=p
venir	venir	VERinf	NOMB.=x|GENRE=x|CAS=x
a	a3	PRE	MORPH=empty
tens	tens	NOMcom	NOMB.=s|GENRE=m|CAS=r
a	a3	PRE	MORPH=empty
enfoïr	enföir1	VERinf	NOMB.=x|GENRE=x|CAS=x
l'	le	DETdef	NOMB.=s|GENRE=m|CAS=r
arcevesqe	arcevesque	NOMcom	NOMB.=s|GENRE=m|CAS=r
de	de	PRE	MORPH=empty
Tors	Tours	NOMpro	NOMB.=s|GENRE=f|CAS=r
.	.	PONfrt	MORPH=empty
Lors	lors	ADVgen	DEGRE=-
s'	soi1	PROper	PERS.=3|NOMB.=p|GENRE=m|CAS=r
esmurent	esmovoir	VERcjg	MODE=ind|TEMPS=psp|PERS.=3|NOMB.=p
et	et	CONcoo	MORPH=empty
qant	cant2	CONsub	MORPH=empty
il	il	PROper	PERS.=3|NOMB.=p|GENRE=m|CAS=n
vindrent	venir	VERcjg	MODE=ind|TEMPS=psp|PERS.=3|NOMB.=p
a	a3	PRE	MORPH=empty
la	le	DETdef	NOMB.=s|GENRE=f|CAS=r
porte	porte1	NOMcom	NOMB.=s|GENRE=f|CAS=r
de	de	PRE	MORPH=empty
Tors	Tours	NOMpro	NOMB.=s|GENRE=f|CAS=r
,	,	PONfbl	MORPH=empty
si	si	ADVgen	DEGRE=-
entrerent	entrer	VERcjg	MODE=ind|TEMPS=psp|PERS.=3|NOMB.=p
dedenz	dedenz	ADVgen	DEGRE=-
et	et	CONcoo	MORPH=empty
a	a3	PRE	MORPH=empty
cele	cel	DETdem	NOMB.=s|GENRE=f|CAS=r
eure	ore3	NOMcom	NOMB.=s|GENRE=f|CAS=r
droit	droit	ADVgen	DEGRE=-
emportoit	espöenter	VERcjg	MODE=ind|TEMPS=ipf|PERS.=3|NOMB.=s
l'	le	OUT	MORPH=empty
en	on	PROind	NOMB.=s|GENRE=n|CAS=n
l'	le	DETdef	NOMB.=s|GENRE=m|CAS=r
arcevesqe	arcevesque	NOMcom	NOMB.=s|GENRE=m|CAS=r
enfoïr	enföir1	VERinf	NOMB.=x|GENRE=x|CAS=x
qi	que2	PROrel	NOMB.=s|GENRE=m|CAS=n
morz	morir	VERppe	NOMB.=s|GENRE=m|CAS=n
estoit	estre1	VERcjg	MODE=ind|TEMPS=ipf|PERS.=3|NOMB.=s
par	par	PRE	MORPH=empty
l'	le	DETdef	NOMB.=s|GENRE=f|CAS=r
autre	autre	ADJind	NOMB.=s|GENRE=f|CAS=r
porte	porte1	NOMcom	NOMB.=s|GENRE=f|CAS=r
de	de	PRE	MORPH=empty
la	le	DETdef	NOMB.=s|GENRE=f|CAS=r
cité	cité	NOMcom	NOMB.=s|GENRE=f|CAS=r
et	et	CONcoo	MORPH=empty
mout	mout	ADVgen	DEGRE=s
de	de	PRE	MORPH=empty
clers	cler	NOMcom	NOMB.=p|GENRE=m|CAS=r
et	et	CONcoo	MORPH=empty
d'	de	PRE	MORPH=empty
autres	autre	ADJind	NOMB.=p|GENRE=f|CAS=r
genz	gent1	NOMcom	NOMB.=p|GENRE=f|CAS=r
aloient	aler	VERcjg	MODE=ind|TEMPS=ipf|PERS.=3|NOMB.=p
aprés	après	ADVgen	DEGRE=-
por	por2	PRE	MORPH=empty
l'	il	PROper	PERS.=3|NOMB.=s|GENRE=m|CAS=r
enfoïr	enföir2	VERinf	NOMB.=x|GENRE=x|CAS=x
.	.	PONfrt	MORPH=empty
Et	et	CONcoo	MORPH=empty
qant	cant2	CONsub	MORPH=empty
Armenses	Armense	NOMpro	NOMB.=s|GENRE=f|CAS=n
li	le	DETdef	NOMB.=s|GENRE=m|CAS=n
arcevesqes	arcevesque	NOMcom	NOMB.=s|GENRE=m|CAS=n
fu	estre1	VERcjg	MODE=ind|TEMPS=psp|PERS.=3|NOMB.=s
enfoïz	enföir2	VERppe	NOMB.=s|GENRE=m|CAS=n
,	,	PONfbl	MORPH=empty
seinz	saint	ADJqua	NOMB.=s|GENRE=m|CAS=n|DEGRE=p
Brices	Brice	NOMpro	NOMB.=s|GENRE=m|CAS=n
se	soi1	PROper	PERS.=3|NOMB.=s|GENRE=m|CAS=r
rassist	rassëoir	VERcjg	MODE=ind|TEMPS=psp|PERS.=3|NOMB.=s
en	en1	PRE	MORPH=empty
sa	son4	DETpos	PERS.=3|NOMB.=s|GENRE=f|CAS=r
chaaire	chaiere	NOMcom	NOMB.=s|GENRE=f|CAS=r
en	en1	PRE	MORPH=empty
pes	pais	NOMcom	NOMB.=s|GENRE=f|CAS=r
,	,	PONfbl	MORPH=empty
sanz	sans	PRE	MORPH=empty
ce	ce1	PROdem	NOMB.=s|GENRE=n|CAS=r
qe	que4	CONsub	MORPH=empty
nus	nul	PROind	NOMB.=s|GENRE=m|CAS=n
li	il	PROper	PERS.=3|NOMB.=s|GENRE=m|CAS=i
contredeïst	contredire	VERcjg	MODE=sub|TEMPS=ipf|PERS.=3|NOMB.=s
en	en1	PRE	MORPH=empty
nule	nul	DETind	NOMB.=s|GENRE=f|CAS=r
maniere	maniere	NOMcom	NOMB.=s|GENRE=f|CAS=r
.	.	PONfrt	MORPH=empty
Aprés	après	PRE	MORPH=empty
ce	ce1	PROdem	NOMB.=s|GENRE=n|CAS=r
vesqi	vivre1	VERcjg	MODE=ind|TEMPS=psp|PERS.=3|NOMB.=s
seinz	saint	ADJqua	NOMB.=s|GENRE=m|CAS=n|DEGRE=p
Brices	Brice	NOMpro	NOMB.=s|GENRE=m|CAS=n
.	.	PONfrt	MORPH=empty
.	.	PONfrt	MORPH=empty
anz	an	NOMcom	NOMB.=p|GENRE=m|CAS=r
mout	mout	ADVgen	DEGRE=s
preudom	prodome	NOMcom	NOMB.=s|GENRE=m|CAS=n
et	et	CONcoo	MORPH=empty
de	de	PRE	MORPH=empty
mout	mout	ADVgen	DEGRE=-
seinte	saint	ADJqua	NOMB.=s|GENRE=f|CAS=r|DEGRE=p
vie	vie1	NOMcom	NOMB.=s|GENRE=f|CAS=r
.	.	PONfrt	MORPH=empty
Et	et	CONcoo	MORPH=empty
qant	cant2	CONsub	MORPH=empty
il	il	PROper	PERS.=3|NOMB.=s|GENRE=m|CAS=n
morut	morir	VERcjg	MODE=ind|TEMPS=psp|PERS.=3|NOMB.=s
,	,	PONfbl	MORPH=empty
si	si	ADVgen	DEGRE=-
avoit	avoir	VERcjg	MODE=ind|TEMPS=ipf|PERS.=3|NOMB.=s
il	il	PROper	PERS.=3|NOMB.=s|GENRE=m|CAS=n
esté	estre1	VERppe	NOMB.=s|GENRE=m|CAS=n
.	.	PONfrt	MORPH=empty
XX	20	PROcar	NOMB.=p|GENRE=m|CAS=r
.	.	PONfrt	MORPH=empty
anz	an	NOMcom	NOMB.=p|GENRE=m|CAS=r
arcevesqes	arcevesque	NOMcom	NOMB.=p|GENRE=m|CAS=n
,	,	PONfbl	MORPH=empty
encore	encore	ADVgen	DEGRE=-
eüst	avoir	VERcjg	MODE=sub|TEMPS=ipf|PERS.=3|NOMB.=s
il	il	PROper	PERS.=3|NOMB.=s|GENRE=m|CAS=n
ci	ci	ADVgen	DEGRE=-
dedenz	dedenz	ADVgen	DEGRE=-
eües	avoir	VERppe	NOMB.=p|GENRE=f|CAS=r
les	le	DETdef	NOMB.=p|GENRE=f|CAS=r
persecutions	persecucïon	NOMcom	NOMB.=p|GENRE=f|CAS=r
et	et	CONcoo	MORPH=empty
les	le	DETdef	NOMB.=p|GENRE=f|CAS=r
peines	peine	NOMcom	NOMB.=p|GENRE=f|CAS=r
qe	que2	PROrel	NOMB.=p|GENRE=f|CAS=r
je	je	PROper	PERS.=1|NOMB.=s|GENRE=m|CAS=n
vos	vos	PROper	PERS.=2|NOMB.=p|GENRE=m|CAS=i
ai	avoir	VERcjg	MODE=ind|TEMPS=pst|PERS.=1|NOMB.=s
contees	conter	VERppe	NOMB.=p|GENRE=f|CAS=r
et	et	CONcoo	MORPH=empty
dites	dire	VERppe	NOMB.=p|GENRE=f|CAS=r
.	.	PONfrt	MORPH=empty
Apriés	après	PRE	MORPH=empty
seins	saint	ADJqua	NOMB.=s|GENRE=m|CAS=n|DEGRE=p
Brices	Brice	NOMpro	NOMB.=s|GENRE=m|CAS=n
,	,	PONfbl	MORPH=empty
fu	estre1	VERcjg	MODE=ind|TEMPS=psp|PERS.=3|NOMB.=s
arcevesqes	arcevesque	NOMcom	NOMB.=s|GENRE=m|CAS=n
de	de	PRE	MORPH=empty
Tors	Tours	NOMpro	NOMB.=s|GENRE=f|CAS=r
seinz	saint	ADJqua	NOMB.=s|GENRE=m|CAS=n|DEGRE=p
Eustochies	Eustaice	NOMpro	NOMB.=s|GENRE=m|CAS=n
qi	que2	PROrel	NOMB.=s|GENRE=m|CAS=n
mout	mout	ADVgen	DEGRE=s
fu	estre1	VERcjg	MODE=ind|TEMPS=psp|PERS.=3|NOMB.=s
preudom	prodome	NOMcom	NOMB.=s|GENRE=m|CAS=n
et	et	CONcoo	MORPH=empty
de	de	PRE	MORPH=empty
grant	grant	ADJqua	NOMB.=s|GENRE=f|CAS=r|DEGRE=p
seinteé	saintëé	NOMcom	NOMB.=s|GENRE=f|CAS=r
et	et	CONcoo	MORPH=empty
maintint	maintenir	VERcjg	MODE=ind|TEMPS=psp|PERS.=3|NOMB.=s
l'	le	DETdef	NOMB.=s|GENRE=m|CAS=r
arcevesqié	arceveschié	NOMcom	NOMB.=s|GENRE=m|CAS=r
et	et	CONcoo	MORPH=empty
la	le	DETdef	NOMB.=s|GENRE=f|CAS=r
segnorie	seignorie	NOMcom	NOMB.=s|GENRE=f|CAS=r
et	et	CONcoo	MORPH=empty
son	son4	DETpos	PERS.=3|NOMB.=s|GENRE=m|CAS=r
pueple	pueple	NOMcom	NOMB.=s|GENRE=m|CAS=r
bien	bien1	ADVgen	DEGRE=-
et	et	CONcoo	MORPH=empty
honestement	oneste	ADVgen	DEGRE=-
a	a3	PRE	MORPH=empty
la	le	DETdef	NOMB.=s|GENRE=f|CAS=r
loy	loi3	NOMcom	NOMB.=s|GENRE=f|CAS=r
et	et	CONcoo	MORPH=empty
a	a3	PRE	MORPH=empty
l'	le	DETdef	NOMB.=s|GENRE=m|CAS=r
onor	onor	NOMcom	NOMB.=s|GENRE=m|CAS=r
nostre	nostre	DETpos	PERS.=1|NOMB.=s|GENRE=m|CAS=r
Signor	seignor	NOMcom	NOMB.=s|GENRE=m|CAS=r
Jesu	Jhesu	NOMpro	NOMB.=s|GENRE=m|CAS=r
Crist	Crist	NOMpro	NOMB.=s|GENRE=m|CAS=r
de	de	PRE	MORPH=empty
la	le	DETdef	NOMB.=s|GENRE=f|CAS=r
qui	que2	PROrel	NOMB.=s|GENRE=f|CAS=i
gloire	gloire	NOMcom	NOMB.=s|GENRE=f|CAS=r
nos	nos1	PROper	PERS.=1|NOMB.=p|GENRE=m|CAS=r
puissons	pöoir	VERcjg	MODE=sub|TEMPS=pst|PERS.=1|NOMB.=p
tuit	tot	PROind	NOMB.=p|GENRE=m|CAS=n
estre	estre1	VERinf	NOMB.=x|GENRE=x|CAS=x
parçonier	parçonier	VERinf	NOMB.=x|GENRE=x|CAS=x
,	,	PONfbl	MORPH=empty
ce	ce1	PROdem	NOMB.=s|GENRE=n|CAS=r
nos	nos1	PROper	PERS.=1|NOMB.=p|GENRE=m|CAS=i
otroit	otroiier	VERcjg	MODE=ind|TEMPS=ipf|PERS.=3|NOMB.=s
Cil	cel	PROdem	NOMB.=s|GENRE=m|CAS=n
qi	que2	PROrel	NOMB.=s|GENRE=m|CAS=n
vit	vivre1	VERcjg	MODE=ind|TEMPS=pst|PERS.=3|NOMB.=s
et	et	CONcoo	MORPH=empty
reigne	regner	VERcjg	MODE=ind|TEMPS=pst|PERS.=3|NOMB.=s
par	par	PRE	MORPH=empty
tout	tot	DETind	NOMB.=s|GENRE=m|CAS=r
le	le	DETdef	NOMB.=s|GENRE=m|CAS=r
siecle	siecle	NOMcom	NOMB.=s|GENRE=m|CAS=r
des	de+le	PRE.DETdef	NOMB.=p|GENRE=m|CAS=r
siecles	siecle	NOMcom	NOMB.=p|GENRE=m|CAS=r
!	!	PONfrt	MORPH=empty
Amen	amen	INJ	MORPH=empty
